STATENAM,NHGISNAM,NHGISST,NHGISCTY
South Carolina,Abbeville,450,0010
Louisiana,Acadia,220,0010
Virginia,Accomack,510,0010
Idaho,Ada,160,0010
Iowa,Adair,190,0010
Kentucky,Adair,210,0010
Missouri,Adair,290,0010
Oklahoma,Adair,400,0010
Colorado,Adams,080,0010
Idaho,Adams,160,0030
Illinois,Adams,170,0010
Indiana,Adams,180,0010
Iowa,Adams,190,0030
Mississippi,Adams,280,0010
Nebraska,Adams,310,0010
North Dakota,Adams,380,0010
Ohio,Adams,390,0010
Pennsylvania,Adams,420,0010
Washington,Adams,530,0010
Wisconsin,Adams,550,0010
Vermont,Addison,500,0010
South Carolina,Aiken,450,0030
Minnesota,Aitkin,270,0010
Florida,Alachua,120,0010
North Carolina,Alamance,370,0010
California,Alameda,060,0010
Colorado,Alamosa,080,0030
New York,Albany,360,0010
Wyoming,Albany,560,0010
Virginia,Albemarle,510,0030
Michigan,Alcona,260,0010
Mississippi,Alcorn,280,0030
Illinois,Alexander,170,0030
North Carolina,Alexander,370,0030
Virginia,Alexandria City,510,5100
Oklahoma,Alfalfa,400,0030
Michigan,Alger,260,0030
Iowa,Allamakee,190,0050
Michigan,Allegan,260,0050
Maryland,Allegany,240,0010
New York,Allegany,360,0030
North Carolina,Alleghany,370,0050
Virginia,Alleghany,510,0050
Pennsylvania,Allegheny,420,0030
Indiana,Allen,180,0030
Kansas,Allen,200,0010
Kentucky,Allen,210,0030
Louisiana,Allen,220,0030
Ohio,Allen,390,0030
South Carolina,Allendale,450,0050
Michigan,Alpena,260,0070
California,Alpine,060,0030
California,Amador,060,0050
Virginia,Amelia,510,0070
Virginia,Amherst,510,0090
Mississippi,Amite,280,0050
Kansas,Anderson,200,0030
Kentucky,Anderson,210,0050
South Carolina,Anderson,450,0070
Tennessee,Anderson,470,0010
Texas,Anderson,480,0010
Missouri,Andrew,290,0030
Texas,Andrews,480,0030
Maine,Androscoggin,230,0010
Texas,Angelina,480,0050
Maryland,Anne Arundel,240,0030
Minnesota,Anoka,270,0030
North Carolina,Anson,370,0070
Nebraska,Antelope,310,0030
Michigan,Antrim,260,0090
Arizona,Apache,040,0010
Iowa,Appanoose,190,0070
Georgia,Appling,130,0010
Virginia,Appomattox,510,0110
Texas,Aransas,480,0070
Colorado,Arapahoe (South Arapahoe),080,0050
Texas,Archer,480,0090
Colorado,Archuleta,080,0070
Michigan,Arenac,260,0110
Arkansas,Arkansas,050,0010
Virginia,Arlington,510,0130
Pennsylvania,Armstrong,420,0050
South Dakota,Armstrong,460,0010
Texas,Armstrong,480,0110
Maine,Aroostook,230,0030
Nebraska,Arthur,310,0050
Louisiana,Ascension,220,0050
North Carolina,Ashe,370,0090
Ohio,Ashland,390,0050
Wisconsin,Ashland,550,0030
Arkansas,Ashley,050,0030
Ohio,Ashtabula,390,0070
Washington,Asotin,530,0030
Louisiana,Assumption,220,0070
Texas,Atascosa,480,0130
Kansas,Atchison,200,0050
Missouri,Atchison,290,0050
Ohio,Athens,390,0090
Georgia,Atkinson,130,0030
New Jersey,Atlantic,340,0010
Oklahoma,Atoka,400,0050
Mississippi,Attala,280,0070
Missouri,Audrain,290,0070
Iowa,Audubon,190,0090
Ohio,Auglaize,390,0110
Virginia,Augusta,510,0150
South Dakota,Aurora,460,0030
Texas,Austin,480,0150
Alabama,Autauga,010,0010
North Carolina,Avery,370,0110
Louisiana,Avoyelles,220,0090
Colorado,Baca,080,0090
Georgia,Bacon,130,0050
Texas,Bailey,480,0170
Florida,Baker,120,0030
Georgia,Baker,130,0070
Oregon,Baker,410,0010
Alabama,Baldwin,010,0030
Georgia,Baldwin,130,0090
Kentucky,Ballard,210,0070
Maryland,Baltimore,240,0050
Maryland,Baltimore City,240,5100
South Carolina,Bamberg,450,0090
Texas,Bandera,480,0190
Georgia,Banks,130,0110
Nebraska,Banner,310,0070
Idaho,Bannock,160,0050
Michigan,Baraga,260,0130
Kansas,Barber,200,0070
Alabama,Barbour,010,0050
West Virginia,Barbour,540,0010
North Dakota,Barnes,380,0030
Massachusetts,Barnstable,250,0010
South Carolina,Barnwell,450,0110
Kentucky,Barren,210,0090
Wisconsin,Barron,550,0050
Georgia,Barrow,130,0130
Michigan,Barry,260,0150
Missouri,Barry,290,0090
Indiana,Bartholomew,180,0050
Kansas,Barton,200,0090
Missouri,Barton,290,0110
Georgia,Bartow,130,0150
Texas,Bastrop,480,0210
Missouri,Bates,290,0130
Kentucky,Bath,210,0110
Virginia,Bath,510,0170
Arkansas,Baxter,050,0050
Florida,Bay,120,0050
Michigan,Bay,260,0170
Wisconsin,Bayfield,550,0070
Texas,Baylor,480,0230
South Dakota,Beadle,460,0050
Idaho,Bear Lake,160,0070
North Carolina,Beaufort,370,0130
South Carolina,Beaufort,450,0130
Louisiana,Beauregard,220,0110
Oklahoma,Beaver,400,0070
Pennsylvania,Beaver,420,0070
Utah,Beaver,490,0010
Montana,Beaverhead,300,0010
Minnesota,Becker,270,0050
Oklahoma,Beckham,400,0090
Pennsylvania,Bedford,420,0090
Tennessee,Bedford,470,0030
Virginia,Bedford,510,0190
Texas,Bee,480,0250
New Hampshire,Belknap,330,0010
Kentucky,Bell,210,0130
Texas,Bell,480,0270
Ohio,Belmont,390,0130
Minnesota,Beltrami,270,0070
Georgia,Ben Hill,130,0170
Idaho,Benewah,160,0090
South Dakota,Bennett,460,0070
Vermont,Bennington,500,0030
North Dakota,Benson,380,0050
Colorado,Bent,080,0110
Arkansas,Benton,050,0070
Indiana,Benton,180,0070
Iowa,Benton,190,0110
Minnesota,Benton,270,0090
Mississippi,Benton,280,0090
Missouri,Benton,290,0150
Oregon,Benton,410,0030
Tennessee,Benton,470,0050
Washington,Benton,530,0050
Michigan,Benzie,260,0190
New Jersey,Bergen,340,0030
South Carolina,Berkeley,450,0150
West Virginia,Berkeley,540,0030
Pennsylvania,Berks,420,0110
Massachusetts,Berkshire,250,0030
New Mexico,Bernalillo,350,0010
Georgia,Berrien,130,0190
Michigan,Berrien,260,0210
North Carolina,Bertie,370,0150
Texas,Bexar,480,0290
Alabama,Bibb,010,0070
Georgia,Bibb,130,0210
Louisiana,Bienville,220,0130
Montana,Big Horn,300,0030
Wyoming,Big Horn,560,0030
Minnesota,Big Stone,270,0110
North Dakota,Billings,380,0070
Idaho,Bingham,160,0110
Iowa,Black Hawk,190,0130
Indiana,Blackford,180,0090
North Carolina,Bladen,370,0170
Idaho,Blaine,160,0130
Montana,Blaine,300,0050
Nebraska,Blaine,310,0090
Oklahoma,Blaine,400,0110
Pennsylvania,Blair,420,0130
Texas,Blanco,480,0310
Virginia,Bland,510,0210
Georgia,Bleckley,130,0230
Tennessee,Bledsoe,470,0070
Alabama,Blount,010,0090
Tennessee,Blount,470,0090
Minnesota,Blue Earth,270,0130
Idaho,Boise,160,0150
Mississippi,Bolivar,280,0110
Missouri,Bollinger,290,0170
South Dakota,Bon Homme,460,0090
Illinois,Bond,170,0050
Idaho,Bonner,160,0170
Idaho,Bonneville,160,0190
Arkansas,Boone,050,0090
Illinois,Boone,170,0070
Indiana,Boone,180,0110
Iowa,Boone,190,0150
Kentucky,Boone,210,0150
Missouri,Boone,290,0190
Nebraska,Boone,310,0110
West Virginia,Boone,540,0050
Texas,Borden,480,0330
Texas,Bosque,480,0350
Louisiana,Bossier,220,0150
Virginia,Botetourt,510,0230
North Dakota,Bottineau,380,0090
Colorado,Boulder,080,0130
Idaho,Boundary,160,0210
Kansas,Bourbon,200,0110
Kentucky,Bourbon,210,0170
Texas,Bowie,480,0370
North Dakota,Bowman,380,0110
Nebraska,Box Butte,310,0130
Utah,Box Elder,490,0030
Kentucky,Boyd,210,0190
Nebraska,Boyd,310,0150
Kentucky,Boyle,210,0210
Kentucky,Bracken,210,0230
Florida,Bradford,120,0070
Pennsylvania,Bradford,420,0150
Arkansas,Bradley,050,0110
Tennessee,Bradley,470,0110
Michigan,Branch,260,0230
Georgia,Brantley,130,0250
West Virginia,Braxton,540,0070
Texas,Brazoria,480,0390
Texas,Brazos,480,0410
Kentucky,Breathitt,210,0250
Kentucky,Breckinridge,210,0270
Iowa,Bremer,190,0170
Florida,Brevard,120,0090
Texas,Brewster,480,0430
Texas,Briscoe,480,0450
Massachusetts,Bristol,250,0050
Rhode Island,Bristol,440,0010
Virginia,Bristol City,510,5200
Montana,Broadwater,300,0070
New York,Bronx,360,0050
West Virginia,Brooke,540,0090
South Dakota,Brookings,460,0110
Georgia,Brooks,130,0270
Texas,Brooks,480,0470
New York,Broome,360,0070
Florida,Broward,120,0110
Illinois,Brown,170,0090
Indiana,Brown,180,0130
Kansas,Brown,200,0130
Minnesota,Brown,270,0150
Nebraska,Brown,310,0170
Ohio,Brown,390,0150
South Dakota,Brown,460,0130
Texas,Brown,480,0490
Wisconsin,Brown,550,0090
South Dakota,Brule,460,0150
North Carolina,Brunswick,370,0190
Virginia,Brunswick,510,0250
Georgia,Bryan,130,0290
Oklahoma,Bryan,400,0130
Iowa,Buchanan,190,0190
Missouri,Buchanan,290,0210
Virginia,Buchanan,510,0270
Virginia,Buckingham,510,0290
Pennsylvania,Bucks,420,0170
Iowa,Buena Vista,190,0210
Virginia,Buena Vista City,510,5300
Nebraska,Buffalo,310,0190
South Dakota,Buffalo,460,0170
Wisconsin,Buffalo,550,0110
Kentucky,Bullitt,210,0290
Georgia,Bulloch,130,0310
Alabama,Bullock,010,0110
North Carolina,Buncombe,370,0210
Illinois,Bureau,170,0110
Georgia,Burke,130,0330
North Carolina,Burke,370,0230
North Dakota,Burke,380,0130
North Dakota,Burleigh,380,0150
Texas,Burleson,480,0510
New Jersey,Burlington,340,0050
Texas,Burnet,480,0530
Wisconsin,Burnett,550,0130
Nebraska,Burt,310,0210
Alabama,Butler,010,0130
Iowa,Butler,190,0230
Kansas,Butler,200,0150
Kentucky,Butler,210,0310
Missouri,Butler,290,0230
Nebraska,Butler,310,0230
Ohio,Butler,390,0170
Pennsylvania,Butler,420,0190
California,Butte,060,0070
Idaho,Butte,160,0230
South Dakota,Butte,460,0190
Georgia,Butts,130,0350
North Carolina,Cabarrus,370,0250
West Virginia,Cabell,540,0110
Utah,Cache,490,0050
Louisiana,Caddo,220,0170
Oklahoma,Caddo,400,0150
California,Calaveras,060,0090
Louisiana,Calcasieu,220,0190
Kentucky,Caldwell,210,0330
Louisiana,Caldwell,220,0210
Missouri,Caldwell,290,0250
North Carolina,Caldwell,370,0270
Texas,Caldwell,480,0550
Vermont,Caledonia,500,0050
Alabama,Calhoun,010,0150
Arkansas,Calhoun,050,0130
Florida,Calhoun,120,0130
Georgia,Calhoun,130,0370
Illinois,Calhoun,170,0130
Iowa,Calhoun,190,0250
Michigan,Calhoun,260,0250
Mississippi,Calhoun,280,0130
South Carolina,Calhoun,450,0170
Texas,Calhoun,480,0570
West Virginia,Calhoun,540,0130
Texas,Callahan,480,0590
Missouri,Callaway,290,0270
Kentucky,Calloway,210,0350
Wisconsin,Calumet,550,0150
Maryland,Calvert,240,0090
Idaho,Camas,160,0250
Pennsylvania,Cambria,420,0210
Georgia,Camden,130,0390
Missouri,Camden,290,0290
New Jersey,Camden,340,0070
North Carolina,Camden,370,0290
Louisiana,Cameron,220,0230
Pennsylvania,Cameron,420,0230
Texas,Cameron,480,0610
Texas,Camp,480,0630
Kentucky,Campbell,210,0370
South Dakota,Campbell,460,0210
Tennessee,Campbell,470,0130
Virginia,Campbell,510,0310
Wyoming,Campbell,560,0050
Oklahoma,Canadian,400,0170
Georgia,Candler,130,0430
Tennessee,Cannon,470,0150
Idaho,Canyon,160,0270
Missouri,Cape Girardeau,290,0310
New Jersey,Cape May,340,0090
Montana,Carbon,300,0090
Pennsylvania,Carbon,420,0250
Utah,Carbon,490,0070
Wyoming,Carbon,560,0070
Idaho,Caribou,160,0290
Kentucky,Carlisle,210,0390
Minnesota,Carlton,270,0170
Maryland,Caroline,240,0110
Virginia,Caroline,510,0330
Arkansas,Carroll,050,0150
Georgia,Carroll,130,0450
Illinois,Carroll,170,0150
Indiana,Carroll,180,0150
Iowa,Carroll,190,0270
Kentucky,Carroll,210,0410
Maryland,Carroll,240,0130
Mississippi,Carroll,280,0150
Missouri,Carroll,290,0330
New Hampshire,Carroll,330,0030
Ohio,Carroll,390,0190
Tennessee,Carroll,470,0170
Virginia,Carroll,510,0350
Texas,Carson,480,0650
Kentucky,Carter,210,0430
Missouri,Carter,290,0350
Montana,Carter,300,0110
Oklahoma,Carter,400,0190
Tennessee,Carter,470,0190
North Carolina,Carteret,370,0310
Minnesota,Carver,270,0190
Montana,Cascade,300,0130
Kentucky,Casey,210,0450
Illinois,Cass,170,0170
Indiana,Cass,180,0170
Iowa,Cass,190,0290
Michigan,Cass,260,0270
Minnesota,Cass,270,0210
Nebraska,Cass,310,0250
North Dakota,Cass,380,0170
Texas,Cass,480,0670
Missouri,Cass/Van Buren,290,0370
Idaho,Cassia,160,0310
Texas,Castro,480,0690
North Carolina,Caswell,370,0330
Louisiana,Catahoula,220,0250
North Carolina,Catawba,370,0350
Georgia,Catoosa,130,0470
New Mexico,Catron,350,0030
New York,Cattaraugus,360,0090
North Dakota,Cavalier,380,0190
New York,Cayuga,360,0110
Maryland,Cecil,240,0150
Iowa,Cedar,190,0310
Missouri,Cedar,290,0390
Nebraska,Cedar,310,0270
Pennsylvania,Centre,420,0270
Iowa,Cerro Gordo,190,0330
Colorado,Chaffee,080,0150
Alabama,Chambers,010,0170
Texas,Chambers,480,0710
Illinois,Champaign,170,0190
Ohio,Champaign,390,0210
Missouri,Chariton,290,0410
Maryland,Charles,240,0170
Virginia,Charles City,510,0360
South Dakota,Charles Mix,460,0230
South Carolina,Charleston,450,0190
Michigan,Charlevoix,260,0290
Florida,Charlotte,120,0150
Virginia,Charlotte,510,0370
Virginia,Charlottesville City,510,5400
Georgia,Charlton,130,0490
Kansas,Chase,200,0170
Nebraska,Chase,310,0290
Georgia,Chatham,130,0510
North Carolina,Chatham,370,0370
Georgia,Chattahoochee,130,0530
Georgia,Chattooga,130,0550
Kansas,Chautauqua,200,0190
New York,Chautauqua,360,0130
New Mexico,Chaves,350,0050
Tennessee,Cheatham,470,0210
Michigan,Cheboygan,260,0310
Washington,Chelan,530,0070
New York,Chemung,360,0150
New York,Chenango,360,0170
Alabama,Cherokee,010,0190
Georgia,Cherokee,130,0570
Iowa,Cherokee,190,0350
Kansas,Cherokee,200,0210
North Carolina,Cherokee,370,0390
Oklahoma,Cherokee,400,0210
South Carolina,Cherokee,450,0210
Texas,Cherokee,480,0730
Nebraska,Cherry,310,0310
New Hampshire,Cheshire,330,0050
Pennsylvania,Chester,420,0290
South Carolina,Chester,450,0230
Tennessee,Chester,470,0230
South Carolina,Chesterfield,450,0250
Virginia,Chesterfield,510,0410
Colorado,Cheyenne,080,0170
Kansas,Cheyenne,200,0230
Nebraska,Cheyenne,310,0330
Iowa,Chickasaw,190,0370
Mississippi,Chickasaw,280,0170
Arkansas,Chicot,050,0170
Texas,Childress,480,0750
Alabama,Chilton,010,0210
Michigan,Chippewa,260,0330
Minnesota,Chippewa,270,0230
Wisconsin,Chippewa,550,0170
Minnesota,Chisago,270,0250
Vermont,Chittenden,500,0070
Alabama,Choctaw,010,0230
Mississippi,Choctaw,280,0190
Oklahoma,Choctaw,400,0230
Montana,Chouteau,300,0150
North Carolina,Chowan,370,0410
Illinois,Christian,170,0210
Kentucky,Christian,210,0470
Missouri,Christian,290,0430
Nevada,Churchill,320,0010
Oklahoma,Cimarron,400,0250
Florida,Citrus,120,0170
Oregon,Clackamas,410,0050
Louisiana,Claiborne,220,0270
Mississippi,Claiborne,280,0210
Tennessee,Claiborne,470,0250
Washington,Clallam,530,0090
Michigan,Clare,260,0350
South Carolina,Clarendon,450,0270
Pennsylvania,Clarion,420,0310
Arkansas,Clark,050,0190
Idaho,Clark,160,0330
Illinois,Clark,170,0230
Indiana,Clark,180,0190
Kansas,Clark,200,0250
Kentucky,Clark,210,0490
Missouri,Clark,290,0450
Nevada,Clark,320,0030
Ohio,Clark,390,0230
South Dakota,Clark,460,0250
Washington,Clark,530,0110
Wisconsin,Clark,550,0190
Alabama,Clarke,010,0250
Georgia,Clarke,130,0590
Iowa,Clarke,190,0390
Mississippi,Clarke,280,0230
Virginia,Clarke,510,0430
Oregon,Clatsop,410,0070
Alabama,Clay,010,0270
Arkansas,Clay,050,0210
Florida,Clay,120,0190
Georgia,Clay,130,0610
Illinois,Clay,170,0250
Indiana,Clay,180,0210
Iowa,Clay,190,0410
Kansas,Clay,200,0270
Kentucky,Clay,210,0510
Minnesota,Clay,270,0270
Mississippi,Clay,280,0250
Missouri,Clay,290,0470
Nebraska,Clay,310,0350
North Carolina,Clay,370,0430
South Dakota,Clay,460,0270
Tennessee,Clay,470,0270
Texas,Clay,480,0770
West Virginia,Clay,540,0150
Georgia,Clayton,130,0630
Iowa,Clayton,190,0430
Colorado,Clear Creek,080,0190
Pennsylvania,Clearfield,420,0330
Idaho,Clearwater,160,0350
Minnesota,Clearwater,270,0290
Alabama,Cleburne,010,0290
Arkansas,Cleburne,050,0230
Ohio,Clermont,390,0250
Arkansas,Cleveland,050,0250
North Carolina,Cleveland,370,0450
Oklahoma,Cleveland,400,0270
Virginia,Clifton Forge City,510,5600
Georgia,Clinch,130,0650
Illinois,Clinton,170,0270
Indiana,Clinton,180,0230
Iowa,Clinton,190,0450
Kentucky,Clinton,210,0530
Michigan,Clinton,260,0370
Missouri,Clinton,290,0490
New York,Clinton,360,0190
Ohio,Clinton,390,0270
Pennsylvania,Clinton,420,0350
Kansas,Cloud,200,0290
Mississippi,Coahoma,280,0270
Oklahoma,Coal,400,0290
Georgia,Cobb,130,0670
Arizona,Cochise,040,0030
Texas,Cochran,480,0790
Tennessee,Cocke,470,0290
Arizona,Coconino,040,0050
South Dakota,Codington,460,0290
Alabama,Coffee,010,0310
Georgia,Coffee,130,0690
Tennessee,Coffee,470,0310
Kansas,Coffey,200,0310
Texas,Coke,480,0810
Alabama,Colbert (new),010,0330
Missouri,Cole,290,0510
Texas,Coleman,480,0830
Illinois,Coles,170,0290
Nebraska,Colfax,310,0370
New Mexico,Colfax,350,0070
South Carolina,Colleton,450,0290
Florida,Collier,120,0210
Texas,Collin,480,0850
Texas,Collingsworth,480,0870
Virginia,Colonial Heights City,510,5700
Texas,Colorado,480,0890
Georgia,Colquitt,130,0710
Arkansas,Columbia,050,0270
Florida,Columbia,120,0230
Georgia,Columbia,130,0730
New York,Columbia,360,0210
Oregon,Columbia,410,0090
Pennsylvania,Columbia,420,0370
Washington,Columbia,530,0130
Wisconsin,Columbia,550,0210
Ohio,Columbiana,390,0290
North Carolina,Columbus,370,0470
California,Colusa,060,0110
Texas,Comal,480,0910
Kansas,Comanche,200,0330
Oklahoma,Comanche,400,0310
Texas,Comanche,480,0930
Texas,Concho,480,0950
Louisiana,Concordia,220,0290
Alabama,Conecuh,010,0350
Colorado,Conejos,080,0210
California,Contra Costa,060,0130
Wyoming,Converse,560,0090
Arkansas,Conway,050,0290
Georgia,Cook,130,0750
Illinois,Cook,170,0310
Minnesota,Cook,270,0310
Texas,Cooke,480,0970
Missouri,Cooper,290,0530
New Hampshire,Coos,330,0070
Oregon,Coos,410,0110
Alabama,Coosa,010,0370
Mississippi,Copiah,280,0290
South Dakota,Corson,460,0310
New York,Cortland,360,0230
Texas,Coryell,480,0990
Ohio,Coshocton,390,0310
Colorado,Costilla,080,0230
Texas,Cottle,480,1010
Oklahoma,Cotton,400,0330
Minnesota,Cottonwood,270,0330
Alabama,Covington,010,0390
Mississippi,Covington,280,0310
Georgia,Coweta,130,0770
Kansas,Cowley,200,0350
Washington,Cowlitz,530,0150
Oklahoma,Craig,400,0350
Virginia,Craig,510,0450
Arkansas,Craighead,050,0310
Texas,Crane,480,1030
North Carolina,Craven,370,0490
Arkansas,Crawford,050,0330
Georgia,Crawford,130,0790
Illinois,Crawford,170,0330
Indiana,Crawford,180,0250
Iowa,Crawford,190,0470
Kansas,Crawford,200,0370
Michigan,Crawford,260,0390
Missouri,Crawford,290,0550
Ohio,Crawford,390,0330
Pennsylvania,Crawford,420,0390
Wisconsin,Crawford,550,0230
Oklahoma,Creek,400,0370
Alabama,Crenshaw,010,0410
Georgia,Crisp,130,0810
Arkansas,Crittenden,050,0350
Kentucky,Crittenden,210,0550
Tennessee,Crockett,470,0330
Texas,Crockett,480,1050
Oregon,Crook,410,0130
Wyoming,Crook,560,0110
Texas,Crosby,480,1070
Arkansas,Cross,050,0370
Minnesota,Crow Wing,270,0350
Colorado,Crowley,080,0250
Texas,Culberson,480,1090
Alabama,Cullman,010,0430
Virginia,Culpeper,510,0470
Illinois,Cumberland,170,0350
Kentucky,Cumberland,210,0570
Maine,Cumberland,230,0050
New Jersey,Cumberland,340,0110
North Carolina,Cumberland,370,0510
Pennsylvania,Cumberland,420,0410
Tennessee,Cumberland,470,0350
Virginia,Cumberland,510,0490
Nebraska,Cuming,310,0390
North Carolina,Currituck,370,0530
New Mexico,Curry,350,0090
Oregon,Curry,410,0150
Colorado,Custer,080,0270
Idaho,Custer,160,0370
Montana,Custer,300,0170
Nebraska,Custer,310,0410
Oklahoma,Custer,400,0390
South Dakota,Custer,460,0330
Ohio,Cuyahoga,390,0350
Florida,Dade,120,0250
Georgia,Dade,130,0830
Missouri,Dade,290,0570
Utah,Daggett,490,0090
Minnesota,Dakota,270,0370
Nebraska,Dakota,310,0430
Alabama,Dale,010,0450
Texas,Dallam,480,1110
Alabama,Dallas,010,0470
Arkansas,Dallas,050,0390
Iowa,Dallas,190,0490
Missouri,Dallas,290,0590
Texas,Dallas,480,1130
Wisconsin,Dane,550,0250
Montana,Daniels,300,0190
Virginia,Danville City,510,5900
North Carolina,Dare,370,0550
Ohio,Darke,390,0370
South Carolina,Darlington,450,0310
Pennsylvania,Dauphin,420,0430
North Carolina,Davidson,370,0570
Tennessee,Davidson,470,0370
North Carolina,Davie,370,0590
Indiana,Daviess,180,0270
Kentucky,Daviess,210,0590
Missouri,Daviess,290,0610
Iowa,Davis,190,0510
Utah,Davis,490,0110
South Dakota,Davison,460,0350
Nebraska,Dawes,310,0450
Georgia,Dawson,130,0850
Montana,Dawson,300,0210
Nebraska,Dawson,310,0470
Texas,Dawson,480,1150
South Dakota,Day,460,0370
New Mexico,De Baca,350,0110
Illinois,De Kalb,170,0370
Indiana,De Kalb,180,0330
Missouri,De Kalb,290,0630
Tennessee,De Kalb,470,0410
Florida,De Soto,120,0270
Louisiana,De Soto,220,0310
Mississippi,De Soto,280,0330
Illinois,De Witt,170,0390
Texas,De Witt,480,1230
Texas,Deaf Smith,480,1170
Indiana,Dearborn,180,0290
Georgia,Decatur,130,0870
Indiana,Decatur,180,0310
Iowa,Decatur,190,0530
Kansas,Decatur,200,0390
Tennessee,Decatur,470,0390
Montana,Deer Lodge,300,0230
Ohio,Defiance,390,0390
Alabama,Dekalb,010,0490
Georgia,DeKalb,130,0890
California,Del Norte,060,0150
Indiana,Delaware,180,0350
Iowa,Delaware,190,0550
New York,Delaware,360,0250
Ohio,Delaware,390,0410
Oklahoma,Delaware,400,0410
Pennsylvania,Delaware,420,0450
Colorado,Delta,080,0290
Michigan,Delta,260,0410
Texas,Delta,480,1190
Missouri,Dent,290,0650
Texas,Denton,480,1210
Colorado,Denver,080,0310
Iowa,Des Moines,190,0570
Oregon,Deschutes,410,0170
Arkansas,Desha,050,0410
Nebraska,Deuel,310,0490
South Dakota,Deuel,460,0390
Oklahoma,Dewey,400,0430
South Dakota,Dewey,460,0410
Texas,Dickens,480,1250
Virginia,Dickenson,510,0510
North Dakota,Dickey,380,0210
Iowa,Dickinson,190,0590
Kansas,Dickinson,200,0410
Michigan,Dickinson,260,0430
Tennessee,Dickson,470,0430
South Carolina,Dillon,450,0330
Texas,Dimmit,480,1270
Virginia,Dinwiddie,510,0530
District of Columbia,District Of Columbia,110,0010
North Dakota,Divide,380,0230
Florida,Dixie,120,0290
Nebraska,Dixon,310,0510
West Virginia,Doddridge,540,0170
Georgia,Dodge,130,0910
Minnesota,Dodge,270,0390
Nebraska,Dodge,310,0530
Wisconsin,Dodge,550,0270
Colorado,Dolores,080,0330
New Mexico,Dona Ana,350,0130
Kansas,Doniphan,200,0430
Texas,Donley,480,1290
Georgia,Dooly,130,0930
Wisconsin,Door,550,0290
Maryland,Dorchester,240,0190
South Carolina,Dorchester,450,0350
Georgia,Dougherty,130,0950
Colorado,Douglas,080,0350
Georgia,Douglas,130,0970
Illinois,Douglas,170,0410
Kansas,Douglas,200,0450
Minnesota,Douglas,270,0410
Missouri,Douglas,290,0670
Nebraska,Douglas,310,0550
Nevada,Douglas,320,0050
Oregon,Douglas,410,0190
South Dakota,Douglas,460,0430
Washington,Douglas,530,0170
Wisconsin,Douglas,550,0310
Arkansas,Drew,050,0430
Illinois,Du Page,170,0430
Indiana,Dubois,180,0370
Iowa,Dubuque,190,0610
Utah,Duchesne,490,0130
Massachusetts,Dukes,250,0070
Nebraska,Dundy,310,0570
Missouri,Dunklin,290,0690
North Dakota,Dunn,380,0250
Wisconsin,Dunn,550,0330
North Carolina,Duplin,370,0610
North Carolina,Durham,370,0630
New York,Dutchess,360,0270
Florida,Duval,120,0310
Texas,Duval,480,1310
Tennessee,Dyer,470,0450
Colorado,Eagle,080,0370
Georgia,Early,130,0990
Louisiana,East Baton Rouge,220,0330
Louisiana,East Carroll,220,0350
Louisiana,East Feliciana,220,0370
Texas,Eastland,480,1330
Michigan,Eaton,260,0450
Wisconsin,Eau Claire,550,0350
Georgia,Echols,130,1010
Texas,Ector,480,1350
New Mexico,Eddy,350,0150
North Dakota,Eddy,380,0270
Illinois,Edgar,170,0450
North Carolina,Edgecombe,370,0650
South Carolina,Edgefield,450,0370
Kentucky,Edmonson,210,0610
South Dakota,Edmunds,460,0450
Illinois,Edwards,170,0470
Kansas,Edwards,200,0470
Texas,Edwards,480,1370
Georgia,Effingham,130,1030
Illinois,Effingham,170,0490
California,El Dorado,060,0170
Colorado,El Paso,080,0410
Texas,El Paso,480,1410
Colorado,Elbert,080,0390
Georgia,Elbert,130,1050
Virginia,Elizabeth City,510,0550
Kansas,Elk,200,0490
Pennsylvania,Elk,420,0470
Indiana,Elkhart,180,0390
Nevada,Elko,320,0070
Kentucky,Elliott,210,0630
Kansas,Ellis,200,0510
Oklahoma,Ellis,400,0450
Texas,Ellis,480,1390
Kansas,Ellsworth,200,0530
Alabama,Elmore,010,0510
Idaho,Elmore,160,0390
Georgia,Emanuel,130,1070
Utah,Emery,490,0150
Iowa,Emmet,190,0630
Michigan,Emmet,260,0470
North Dakota,Emmons,380,0290
Texas,Erath,480,1430
New York,Erie,360,0290
Ohio,Erie,390,0430
Pennsylvania,Erie,420,0490
Alabama,Escambia,010,0530
Florida,Escambia,120,0330
Nevada,Esmeralda,320,0090
Massachusetts,Essex,250,0090
New Jersey,Essex,340,0130
New York,Essex,360,0310
Vermont,Essex,500,0090
Virginia,Essex,510,0570
Kentucky,Estill,210,0650
Alabama,Etowah,010,0550
Nevada,Eureka,320,0110
Louisiana,Evangeline,220,0390
Georgia,Evans,130,1090
Virginia,Fairfax,510,0590
Connecticut,Fairfield,090,0010
Ohio,Fairfield,390,0450
South Carolina,Fairfield,450,0390
South Dakota,Fall River,460,0470
Montana,Fallon,300,0250
Texas,Falls,480,1450
Virginia,Falls Church City,510,6100
Georgia,Fannin,130,1110
Texas,Fannin,480,1470
Minnesota,Faribault,270,0430
South Dakota,Faulk,460,0490
Arkansas,Faulkner,050,0450
Virginia,Fauquier,510,0610
Alabama,Fayette,010,0570
Georgia,Fayette,130,1130
Illinois,Fayette,170,0510
Indiana,Fayette,180,0410
Iowa,Fayette,190,0650
Kentucky,Fayette,210,0670
Ohio,Fayette,390,0470
Pennsylvania,Fayette,420,0510
Tennessee,Fayette,470,0470
Texas,Fayette,480,1490
West Virginia,Fayette,540,0190
Tennessee,Fentress,470,0490
Montana,Fergus,300,0270
Washington,Ferry,530,0190
Minnesota,Fillmore,270,0450
Nebraska,Fillmore,310,0590
Kansas,Finney,200,0550
Alaska,First Judicial Dist,025,0015
Texas,Fisher,480,1510
Florida,Flagler,120,0350
Montana,Flathead,300,0290
Kentucky,Fleming,210,0690
South Carolina,Florence,450,0410
Wisconsin,Florence,550,0370
Georgia,Floyd,130,1150
Indiana,Floyd,180,0430
Iowa,Floyd,190,0670
Kentucky,Floyd,210,0710
Texas,Floyd,480,1530
Virginia,Floyd,510,0630
Virginia,Fluvanna,510,0650
Texas,Foard,480,1550
Wisconsin,Fond Du Lac,550,0390
Illinois,Ford,170,0530
Kansas,Ford,200,0570
Pennsylvania,Forest,420,0530
Wisconsin,Forest,550,0410
Mississippi,Forrest,280,0350
Georgia,Forsyth,130,1170
North Carolina,Forsyth,370,0670
Texas,Fort Bend,480,1570
North Dakota,Foster,380,0310
Indiana,Fountain,180,0450
Alaska,Fourth Judicicial Dist - No Data,025,0035
Alabama,Franklin,010,0590
Arkansas,Franklin,050,0470
Florida,Franklin,120,0370
Georgia,Franklin,130,1190
Idaho,Franklin,160,0410
Illinois,Franklin,170,0550
Indiana,Franklin,180,0470
Iowa,Franklin,190,0690
Kansas,Franklin,200,0590
Kentucky,Franklin,210,0730
Louisiana,Franklin,220,0410
Maine,Franklin,230,0070
Massachusetts,Franklin,250,0110
Mississippi,Franklin,280,0370
Missouri,Franklin,290,0710
Nebraska,Franklin,310,0610
New York,Franklin,360,0330
North Carolina,Franklin,370,0690
Ohio,Franklin,390,0490
Pennsylvania,Franklin,420,0550
Tennessee,Franklin,470,0510
Texas,Franklin,480,1590
Vermont,Franklin,500,0110
Virginia,Franklin,510,0670
Washington,Franklin,530,0210
Maryland,Frederick,240,0210
Virginia,Frederick,510,0690
Virginia,Fredericksburg City,510,6300
Minnesota,Freeborn,270,0470
Texas,Freestone,480,1610
Colorado,Fremont,080,0430
Idaho,Fremont,160,0430
Iowa,Fremont,190,0710
Wyoming,Fremont,560,0130
California,Fresno,060,0190
Texas,Frio,480,1630
Nebraska,Frontier,310,0630
Arkansas,Fulton,050,0490
Georgia,Fulton,130,1210
Illinois,Fulton,170,0570
Indiana,Fulton,180,0490
Kentucky,Fulton,210,0750
New York,Fulton,360,0350
Ohio,Fulton,390,0510
Pennsylvania,Fulton,420,0570
Nebraska,Furnas,310,0650
Florida,Gadsden,120,0390
Nebraska,Gage,310,0670
Texas,Gaines,480,1650
Illinois,Gallatin,170,0590
Kentucky,Gallatin,210,0770
Montana,Gallatin,300,0310
Ohio,Gallia,390,0530
Texas,Galveston,480,1670
Nebraska,Garden,310,0690
Colorado,Garfield,080,0450
Montana,Garfield,300,0330
Nebraska,Garfield,310,0710
Oklahoma,Garfield,400,0470
Utah,Garfield,490,0170
Washington,Garfield,530,0230
Arkansas,Garland,050,0510
Kentucky,Garrard,210,0790
Maryland,Garrett,240,0230
Oklahoma,Garvin,400,0490
Texas,Garza,480,1690
Missouri,Gasconade,290,0730
North Carolina,Gaston,370,0710
North Carolina,Gates,370,0730
Kansas,Geary,200,0610
Ohio,Geauga,390,0550
Idaho,Gem,160,0450
Michigan,Genesee,260,0490
New York,Genesee,360,0370
Alabama,Geneva,010,0610
Missouri,Gentry,290,0750
Mississippi,George,280,0390
South Carolina,Georgetown,450,0430
Indiana,Gibson,180,0510
Tennessee,Gibson,470,0530
Arizona,Gila,040,0070
Florida,Gilchrist,120,0410
Tennessee,Giles,470,0550
Virginia,Giles,510,0710
Texas,Gillespie,480,1710
Oregon,Gilliam,410,0210
Georgia,Gilmer,130,1230
West Virginia,Gilmer,540,0210
Colorado,Gilpin,080,0470
Montana,Glacier,300,0350
Florida,Glades,120,0430
Michigan,Gladwin,260,0510
Georgia,Glascock,130,1250
Texas,Glasscock,480,1730
California,Glenn,060,0210
New Jersey,Gloucester,340,0150
Virginia,Gloucester,510,0730
Georgia,Glynn,130,1270
Michigan,Gogebic,260,0530
Montana,Golden Valley,300,0370
North Dakota,Golden Valley,380,0330
Texas,Goliad,480,1750
Texas,Gonzales,480,1770
Virginia,Goochland,510,0750
Minnesota,Goodhue,270,0490
Idaho,Gooding,160,0470
Georgia,Gordon,130,1290
Wyoming,Goshen,560,0150
Nebraska,Gosper,310,0730
Kansas,Gove,200,0630
Georgia,Grady,130,1310
Oklahoma,Grady,400,0510
New Hampshire,Grafton,330,0090
Arizona,Graham,040,0090
Kansas,Graham,200,0650
North Carolina,Graham,370,0750
Tennessee,Grainger,470,0570
Colorado,Grand,080,0490
Utah,Grand,490,0190
North Dakota,Grand Forks,380,0350
Vermont,Grand Isle,500,0130
Michigan,Grand Traverse,260,0550
Montana,Granite,300,0390
Arkansas,Grant,050,0530
Indiana,Grant,180,0530
Kansas,Grant,200,0670
Kentucky,Grant,210,0810
Louisiana,Grant,220,0430
Minnesota,Grant,270,0510
Nebraska,Grant,310,0750
New Mexico,Grant,350,0170
North Dakota,Grant,380,0370
Oklahoma,Grant,400,0530
Oregon,Grant,410,0230
South Dakota,Grant,460,0510
Washington,Grant,530,0250
West Virginia,Grant,540,0230
Wisconsin,Grant,550,0430
North Carolina,Granville,370,0770
Michigan,Gratiot,260,0570
Kentucky,Graves,210,0830
Kansas,Gray,200,0690
Texas,Gray,480,1790
Washington,Grays Harbor,530,0270
Kentucky,Grayson,210,0850
Texas,Grayson,480,1810
Virginia,Grayson,510,0770
Kansas,Greeley,200,0710
Nebraska,Greeley,310,0770
Kentucky,Green,210,0870
Wisconsin,Green,550,0450
Wisconsin,Green Lake,550,0470
West Virginia,Greenbrier,540,0250
Alabama,Greene,010,0630
Arkansas,Greene,050,0550
Georgia,Greene,130,1330
Illinois,Greene,170,0610
Indiana,Greene,180,0550
Iowa,Greene,190,0730
Mississippi,Greene,280,0410
Missouri,Greene,290,0770
New York,Greene,360,0390
North Carolina,Greene,370,0790
Ohio,Greene,390,0570
Pennsylvania,Greene,420,0590
Tennessee,Greene,470,0590
Virginia,Greene,510,0790
Arizona,Greenlee,040,0110
Virginia,Greensville,510,0810
Kentucky,Greenup,210,0890
South Carolina,Greenville,450,0450
Kansas,Greenwood,200,0730
South Carolina,Greenwood,450,0470
Oklahoma,Greer,400,0550
Texas,Gregg,480,1830
South Dakota,Gregory,460,0530
Mississippi,Grenada,280,0430
North Dakota,Griggs,380,0390
Texas,Grimes,480,1850
Illinois,Grundy,170,0630
Iowa,Grundy,190,0750
Missouri,Grundy,290,0790
Tennessee,Grundy,470,0610
New Mexico,Guadalupe,350,0190
Texas,Guadalupe,480,1870
Ohio,Guernsey,390,0590
North Carolina,Guilford,370,0810
Florida,Gulf,120,0450
Colorado,Gunnison,080,0510
Iowa,Guthrie,190,0770
Georgia,Gwinnett,130,1350
South Dakota,Haakon,460,0550
Georgia,Habersham,130,1370
Alabama,Hale,010,0650
Texas,Hale,480,1890
North Carolina,Halifax,370,0830
Virginia,Halifax,510,0830
Georgia,Hall,130,1390
Nebraska,Hall,310,0790
Texas,Hall,480,1910
Tennessee,Hamblen,470,0630
Florida,Hamilton,120,0470
Illinois,Hamilton,170,0650
Indiana,Hamilton,180,0570
Iowa,Hamilton,190,0790
Kansas,Hamilton,200,0750
Nebraska,Hamilton,310,0810
New York,Hamilton,360,0410
Ohio,Hamilton,390,0610
Tennessee,Hamilton,470,0650
Texas,Hamilton,480,1930
South Dakota,Hamlin,460,0570
Massachusetts,Hampden,250,0130
Massachusetts,Hampshire,250,0150
West Virginia,Hampshire,540,0270
South Carolina,Hampton,450,0490
Virginia,Hampton City,510,6500
Georgia,Hancock,130,1410
Illinois,Hancock,170,0670
Indiana,Hancock,180,0590
Iowa,Hancock,190,0810
Kentucky,Hancock,210,0910
Maine,Hancock,230,0090
Mississippi,Hancock,280,0450
Ohio,Hancock,390,0630
Tennessee,Hancock,470,0670
West Virginia,Hancock,540,0290
South Dakota,Hand,460,0590
Virginia,Hanover,510,0850
Texas,Hansford,480,1950
South Dakota,Hanson,460,0610
Georgia,Haralson,130,1430
Florida,Hardee,120,0490
Tennessee,Hardeman,470,0690
Texas,Hardeman,480,1970
Illinois,Hardin,170,0690
Iowa,Hardin,190,0830
Kentucky,Hardin,210,0930
Ohio,Hardin,390,0650
Tennessee,Hardin,470,0710
Texas,Hardin,480,1990
New Mexico,Harding,350,0210
South Dakota,Harding,460,0630
West Virginia,Hardy,540,0310
Maryland,Harford,240,0250
Kentucky,Harlan,210,0950
Nebraska,Harlan,310,0830
Oklahoma,Harmon,400,0570
North Carolina,Harnett,370,0850
Oregon,Harney,410,0250
Kansas,Harper,200,0770
Oklahoma,Harper,400,0590
Georgia,Harris,130,1450
Texas,Harris,480,2010
Indiana,Harrison,180,0610
Iowa,Harrison,190,0850
Kentucky,Harrison,210,0970
Mississippi,Harrison,280,0470
Missouri,Harrison,290,0810
Ohio,Harrison,390,0670
Texas,Harrison,480,2030
West Virginia,Harrison,540,0330
Virginia,Harrisonburg City,510,6600
Georgia,Hart,130,1470
Kentucky,Hart,210,0990
Connecticut,Hartford,090,0030
Texas,Hartley,480,2050
Kansas,Harvey,200,0790
Kansas,Haskell,200,0810
Oklahoma,Haskell,400,0610
Texas,Haskell,480,2070
Hawaii,Hawaii,155,0015
Tennessee,Hawkins,470,0730
Nebraska,Hayes,310,0850
Texas,Hays,480,2090
North Carolina,Haywood,370,0870
Tennessee,Haywood,470,0750
Georgia,Heard,130,1490
Texas,Hemphill,480,2110
Arkansas,Hempstead,050,0570
Illinois,Henderson,170,0710
Kentucky,Henderson,210,1010
North Carolina,Henderson,370,0890
Tennessee,Henderson,470,0770
Texas,Henderson,480,2130
Indiana,Hendricks,180,0630
Florida,Hendry,120,0510
Minnesota,Hennepin,270,0530
Virginia,Henrico,510,0870
Alabama,Henry,010,0670
Georgia,Henry,130,1510
Illinois,Henry,170,0730
Indiana,Henry,180,0650
Iowa,Henry,190,0870
Kentucky,Henry,210,1030
Ohio,Henry,390,0690
Tennessee,Henry,470,0790
Virginia,Henry,510,0890
Missouri,Henry/Rives,290,0830
New York,Herkimer,360,0430
Florida,Hernando,120,0530
North Carolina,Hertford,370,0910
North Dakota,Hettinger,380,0410
Kentucky,Hickman,210,1050
Tennessee,Hickman,470,0810
Missouri,Hickory,290,0850
New Mexico,Hidalgo,350,0230
Texas,Hidalgo,480,2150
Ohio,Highland,390,0710
Virginia,Highland,510,0910
Florida,Highlands,120,0550
Montana,Hill,300,0410
Texas,Hill,480,2170
Florida,Hillsborough,120,0570
New Hampshire,Hillsborough,330,0110
Michigan,Hillsdale,260,0590
Mississippi,Hinds,280,0490
Colorado,Hinsdale,080,0530
Nebraska,Hitchcock,310,0870
Ohio,Hocking,390,0730
Texas,Hockley,480,2190
Kansas,Hodgeman,200,0830
North Carolina,Hoke,370,0930
Florida,Holmes,120,0590
Mississippi,Holmes,280,0510
Ohio,Holmes,390,0750
Missouri,Holt,290,0870
Nebraska,Holt,310,0890
Hawaii,Honolulu,155,0035
Texas,Hood,480,2210
Oregon,Hood River,410,0270
Nebraska,Hooker,310,0910
Virginia,Hopewell City,510,6700
Kentucky,Hopkins,210,1070
Texas,Hopkins,480,2230
South Carolina,Horry,450,0510
Arkansas,Hot Spring,050,0590
Wyoming,Hot Springs,560,0170
Michigan,Houghton,260,0610
Alabama,Houston,010,0690
Georgia,Houston,130,1530
Minnesota,Houston,270,0550
Tennessee,Houston,470,0830
Texas,Houston,480,2250
Arkansas,Howard,050,0610
Indiana,Howard,180,0670
Iowa,Howard,190,0890
Maryland,Howard,240,0270
Missouri,Howard,290,0890
Nebraska,Howard,310,0930
Texas,Howard,480,2270
Missouri,Howell,290,0910
Minnesota,Hubbard,270,0570
New Jersey,Hudson,340,0170
Texas,Hudspeth,480,2290
Colorado,Huerfano,080,0550
Oklahoma,Hughes,400,0630
South Dakota,Hughes,460,0650
California,Humboldt,060,0230
Iowa,Humboldt,190,0910
Nevada,Humboldt,320,0130
Mississippi,Humphreys,280,0530
Tennessee,Humphreys,470,0850
Texas,Hunt,480,2310
New Jersey,Hunterdon,340,0190
Pennsylvania,Huntingdon,420,0610
Indiana,Huntington,180,0690
Michigan,Huron,260,0630
Ohio,Huron,390,0770
South Dakota,Hutchinson,460,0670
Texas,Hutchinson,480,2330
North Carolina,Hyde,370,0950
South Dakota,Hyde,460,0690
Louisiana,Iberia,220,0450
Louisiana,Iberville,220,0470
Iowa,Ida,190,0930
Idaho,Idaho,160,0490
California,Imperial,060,0250
Arkansas,Independence,050,0630
Florida,Indian River,120,0610
Pennsylvania,Indiana,420,0630
Michigan,Ingham,260,0650
California,Inyo,060,0270
Michigan,Ionia,260,0670
Michigan,Iosco,260,0690
Iowa,Iowa,190,0950
Wisconsin,Iowa,550,0490
North Carolina,Iredell,370,0970
Texas,Irion,480,2350
Michigan,Iron,260,0710
Missouri,Iron,290,0930
Utah,Iron,490,0210
Wisconsin,Iron,550,0510
Illinois,Iroquois,170,0750
Georgia,Irwin,130,1550
Michigan,Isabella,260,0730
Minnesota,Isanti,270,0590
Washington,Island,530,0290
Virginia,Isle Of Wight,510,0930
Mississippi,Issaquena,280,0550
Minnesota,Itasca,270,0610
Mississippi,Itawamba,280,0570
Arkansas,Izard,050,0650
Texas,Jack,480,2370
Alabama,Jackson,010,0710
Arkansas,Jackson,050,0670
Colorado,Jackson,080,0570
Florida,Jackson,120,0630
Georgia,Jackson,130,1570
Illinois,Jackson,170,0770
Indiana,Jackson,180,0710
Iowa,Jackson,190,0970
Kansas,Jackson,200,0850
Kentucky,Jackson,210,1090
Louisiana,Jackson,220,0490
Michigan,Jackson,260,0750
Minnesota,Jackson,270,0630
Mississippi,Jackson,280,0590
Missouri,Jackson,290,0950
North Carolina,Jackson,370,0990
Ohio,Jackson,390,0790
Oklahoma,Jackson,400,0650
Oregon,Jackson,410,0290
South Dakota,Jackson,460,0710
Tennessee,Jackson,470,0870
Texas,Jackson,480,2390
West Virginia,Jackson,540,0350
Wisconsin,Jackson,550,0530
Virginia,James City,510,0950
Georgia,Jasper,130,1590
Illinois,Jasper,170,0790
Indiana,Jasper,180,0730
Iowa,Jasper,190,0990
Mississippi,Jasper,280,0610
Missouri,Jasper,290,0970
South Carolina,Jasper,450,0530
Texas,Jasper,480,2410
Indiana,Jay,180,0750
Georgia,Jeff Davis,130,1610
Texas,Jeff Davis,480,2430
Alabama,Jefferson,010,0730
Arkansas,Jefferson,050,0690
Colorado,Jefferson,080,0590
Florida,Jefferson,120,0650
Georgia,Jefferson,130,1630
Idaho,Jefferson,160,0510
Illinois,Jefferson,170,0810
Indiana,Jefferson,180,0770
Iowa,Jefferson,190,1010
Kansas,Jefferson,200,0870
Kentucky,Jefferson,210,1110
Louisiana,Jefferson,220,0510
Mississippi,Jefferson,280,0630
Missouri,Jefferson,290,0990
Montana,Jefferson,300,0430
Nebraska,Jefferson,310,0950
New York,Jefferson,360,0450
Ohio,Jefferson,390,0810
Oklahoma,Jefferson,400,0670
Oregon,Jefferson,410,0310
Pennsylvania,Jefferson,420,0650
Tennessee,Jefferson,470,0890
Texas,Jefferson,480,2450
Washington,Jefferson,530,0310
West Virginia,Jefferson,540,0370
Wisconsin,Jefferson,550,0550
Louisiana,Jefferson Davis,220,0530
Mississippi,Jefferson Davis,280,0650
Georgia,Jenkins,130,1650
Indiana,Jennings,180,0790
South Dakota,Jerauld,460,0730
Idaho,Jerome,160,0530
Illinois,Jersey,170,0830
Kentucky,Jessamine,210,1130
Kansas,Jewell,200,0890
Texas,Jim Hogg,480,2470
Texas,Jim Wells,480,2490
Illinois,Jo Daviess,170,0850
Arkansas,Johnson,050,0710
Georgia,Johnson,130,1670
Illinois,Johnson,170,0870
Indiana,Johnson,180,0810
Iowa,Johnson,190,1030
Kansas,Johnson,200,0910
Kentucky,Johnson,210,1150
Missouri,Johnson,290,1010
Nebraska,Johnson,310,0970
Tennessee,Johnson,470,0910
Texas,Johnson,480,2510
Wyoming,Johnson,560,0190
North Carolina,Johnston,370,1010
Oklahoma,Johnston,400,0690
Georgia,Jones,130,1690
Iowa,Jones,190,1050
Mississippi,Jones,280,0670
North Carolina,Jones,370,1030
South Dakota,Jones,460,0750
Texas,Jones,480,2530
Oregon,Josephine,410,0330
Utah,Juab,490,0230
Montana,Judith Basin,300,0450
Wisconsin,Juneau,550,0570
Pennsylvania,Juniata,420,0670
Michigan,Kalamazoo,260,0770
Michigan,Kalkaska,260,0790
Minnesota,Kanabec,270,0650
West Virginia,Kanawha,540,0390
Minnesota,Kandiyohi,270,0670
Illinois,Kane,170,0890
Utah,Kane,490,0250
Illinois,Kankakee,170,0910
Texas,Karnes,480,2550
Hawaii,Kauai,155,0075
Texas,Kaufman,480,2570
Oklahoma,Kay,400,0710
Nebraska,Kearney,310,0990
Kansas,Kearny,200,0930
Nebraska,Keith,310,1010
Mississippi,Kemper,280,0690
Illinois,Kendall,170,0930
Texas,Kendall,480,2590
Texas,Kenedy,480,2610
Maine,Kennebec,230,0110
Wisconsin,Kenosha,550,0590
Delaware,Kent,100,0010
Maryland,Kent,240,0290
Michigan,Kent,260,0810
Rhode Island,Kent,440,0030
Texas,Kent,480,2630
Kentucky,Kenton,210,1170
Iowa,Keokuk,190,1070
California,Kern,060,0290
Texas,Kerr,480,2650
South Carolina,Kershaw,450,0550
Wisconsin,Kewaunee,550,0610
Michigan,Keweenaw,260,0830
Nebraska,Keya Paha,310,1030
North Dakota,Kidder,380,0430
Nebraska,Kimball,310,1050
Texas,Kimble,480,2670
Texas,King,480,2690
Washington,King,530,0330
Virginia,King And Queen,510,0970
Virginia,King George,510,0990
Virginia,King William,510,1010
Oklahoma,Kingfisher,400,0730
Kansas,Kingman,200,0950
California,Kings,060,0310
New York,Kings,360,0470
South Dakota,Kingsbury,460,0770
Texas,Kinney,480,2710
Colorado,Kiowa,080,0610
Kansas,Kiowa,200,0970
Oklahoma,Kiowa,400,0750
Colorado,Kit Carson,080,0630
Washington,Kitsap,530,0350
Washington,Kittitas,530,0370
Minnesota,Kittson,270,0690
Oregon,Klamath,410,0350
Texas,Kleberg,480,2730
Washington,Klikatat,530,0390
Kentucky,Knott,210,1190
Illinois,Knox,170,0950
Indiana,Knox,180,0830
Kentucky,Knox,210,1210
Maine,Knox,230,0130
Missouri,Knox,290,1030
Nebraska,Knox,310,1070
Ohio,Knox,390,0830
Tennessee,Knox,470,0930
Texas,Knox,480,2750
Minnesota,Koochiching,270,0710
Idaho,Kootenai,160,0550
Indiana,Kosciusko,180,0850
Iowa,Kossuth,190,1090
Wisconsin,La Crosse,550,0630
North Dakota,La Moure,380,0450
Colorado,La Plata,080,0670
Illinois,La Salle,170,0990
Louisiana,La Salle,220,0590
Texas,La Salle,480,2830
Kansas,Labette,200,0990
Minnesota,Lac Qui Parle,270,0730
Pennsylvania,Lackawanna,420,0690
Missouri,Laclede,290,1050
Arkansas,Lafayette,050,0730
Florida,Lafayette,120,0670
Louisiana,Lafayette,220,0550
Mississippi,Lafayette,280,0710
Missouri,Lafayette,290,1070
Wisconsin,Lafayette,550,0650
Louisiana,Lafourche,220,0570
Indiana,Lagrange,180,0870
California,Lake,060,0330
Colorado,Lake,080,0650
Florida,Lake,120,0690
Illinois,Lake,170,0970
Indiana,Lake,180,0890
Michigan,Lake,260,0850
Minnesota,Lake,270,0750
Montana,Lake,300,0470
Ohio,Lake,390,0850
Oregon,Lake,410,0370
South Dakota,Lake,460,0790
Tennessee,Lake,470,0950
Minnesota,Lake Of The Woods,270,0770
Alabama,Lamar,010,0750
Georgia,Lamar,130,1710
Mississippi,Lamar,280,0730
Texas,Lamar,480,2770
Texas,Lamb,480,2790
Vermont,Lamoille,500,0150
Texas,Lampasas,480,2810
Nebraska,Lancaster,310,1090
Pennsylvania,Lancaster,420,0710
South Carolina,Lancaster,450,0570
Virginia,Lancaster,510,1030
Nevada,Lander,320,0150
Kansas,Lane,200,1010
Oregon,Lane,410,0390
Wisconsin,Langlade,550,0670
Georgia,Lanier,130,1730
Michigan,Lapeer,260,0870
Indiana,Laporte,180,0910
Wyoming,Laramie,560,0210
Colorado,Larimer,080,0690
Kentucky,Larue,210,1230
Colorado,Las Animas,080,0710
California,Lassen,060,0350
Idaho,Latah,160,0570
Oklahoma,Latimer,400,0770
Alabama,Lauderdale,010,0770
Mississippi,Lauderdale,280,0750
Tennessee,Lauderdale,470,0970
Kentucky,Laurel,210,1250
Georgia,Laurens,130,1750
South Carolina,Laurens,450,0590
Texas,Lavaca,480,2850
Alabama,Lawrence,010,0790
Arkansas,Lawrence,050,0750
Illinois,Lawrence,170,1010
Indiana,Lawrence,180,0930
Kentucky,Lawrence,210,1270
Mississippi,Lawrence,280,0770
Missouri,Lawrence,290,1090
Ohio,Lawrence,390,0870
Pennsylvania,Lawrence,420,0730
South Dakota,Lawrence,460,0810
Tennessee,Lawrence,470,0990
Oklahoma,Le Flore,400,0790
Minnesota,Le Sueur,270,0790
New Mexico,Lea,350,0250
Mississippi,Leake,280,0790
Kansas,Leavenworth,200,1030
Pennsylvania,Lebanon,420,0750
Alabama,Lee,010,0810
Arkansas,Lee,050,0770
Florida,Lee,120,0710
Georgia,Lee,130,1770
Illinois,Lee,170,1030
Iowa,Lee,190,1110
Kentucky,Lee,210,1290
Mississippi,Lee,280,0810
North Carolina,Lee,370,1050
South Carolina,Lee,450,0610
Texas,Lee,480,2870
Virginia,Lee,510,1050
Michigan,Leelanau,260,0890
Mississippi,Leflore,280,0830
Pennsylvania,Lehigh,420,0770
Idaho,Lemhi,160,0590
Michigan,Lenawee,260,0910
North Carolina,Lenoir,370,1070
Florida,Leon,120,0730
Texas,Leon,480,2890
Kentucky,Leslie,210,1310
Kentucky,Letcher,210,1330
Florida,Levy,120,0750
Idaho,Lewis,160,0610
Kentucky,Lewis,210,1350
Missouri,Lewis,290,1110
New York,Lewis,360,0490
Tennessee,Lewis,470,1010
Washington,Lewis,530,0410
West Virginia,Lewis,540,0410
Montana,Lewis and Clark,300,0490
South Carolina,Lexington,450,0630
Florida,Liberty,120,0770
Georgia,Liberty,130,1790
Montana,Liberty,300,0510
Texas,Liberty,480,2910
Ohio,Licking,390,0890
Alabama,Limestone,010,0830
Texas,Limestone,480,2930
Arkansas,Lincoln,050,0790
Colorado,Lincoln,080,0730
Georgia,Lincoln,130,1810
Idaho,Lincoln,160,0630
Kansas,Lincoln,200,1050
Kentucky,Lincoln,210,1370
Louisiana,Lincoln,220,0610
Maine,Lincoln,230,0150
Minnesota,Lincoln,270,0810
Mississippi,Lincoln,280,0850
Missouri,Lincoln,290,1130
Montana,Lincoln,300,0530
Nebraska,Lincoln,310,1110
Nevada,Lincoln,320,0170
New Mexico,Lincoln,350,0270
North Carolina,Lincoln,370,1090
Oklahoma,Lincoln,400,0810
Oregon,Lincoln,410,0410
South Dakota,Lincoln,460,0830
Tennessee,Lincoln,470,1030
Washington,Lincoln,530,0430
West Virginia,Lincoln,540,0430
Wisconsin,Lincoln,550,0690
Wyoming,Lincoln,560,0230
Iowa,Linn,190,1130
Kansas,Linn,200,1070
Missouri,Linn,290,1150
Oregon,Linn,410,0430
Texas,Lipscomb,480,2950
Connecticut,Litchfield,090,0050
Arkansas,Little River,050,0810
Texas,Live Oak,480,2970
Illinois,Livingston,170,1050
Kentucky,Livingston,210,1390
Louisiana,Livingston,220,0630
Michigan,Livingston,260,0930
Missouri,Livingston,290,1170
New York,Livingston,360,0510
Texas,Llano,480,2990
Arkansas,Logan,050,0830
Colorado,Logan,080,0750
Illinois,Logan,170,1070
Kansas,Logan,200,1090
Kentucky,Logan,210,1410
Nebraska,Logan,310,1130
North Dakota,Logan,380,0470
Ohio,Logan,390,0910
Oklahoma,Logan,400,0830
West Virginia,Logan,540,0450
Georgia,Long,130,1830
Arkansas,Lonoke,050,0850
Ohio,Lorain,390,0930
New Mexico,Los Alamos,350,0280
California,Los Angeles,060,0370
Tennessee,Loudon,470,1050
Virginia,Loudoun,510,1070
Iowa,Louisa,190,1150
Virginia,Louisa,510,1090
Nebraska,Loup,310,1150
Oklahoma,Love,400,0850
Texas,Loving,480,3010
Alabama,Lowndes,010,0850
Georgia,Lowndes,130,1850
Mississippi,Lowndes,280,0870
Texas,Lubbock,480,3030
Iowa,Lucas,190,1170
Ohio,Lucas,390,0950
Michigan,Luce,260,0950
Georgia,Lumpkin,130,1870
New Mexico,Luna,350,0290
Virginia,Lunenburg,510,1110
Pennsylvania,Luzerne,420,0790
Pennsylvania,Lycoming,420,0810
South Dakota,Lyman,460,0850
Virginia,Lynchburg City,510,6800
Texas,Lynn,480,3050
Iowa,Lyon,190,1190
Kansas,Lyon,200,1110
Kentucky,Lyon,210,1430
Minnesota,Lyon,270,0830
Nevada,Lyon,320,0190
Michigan,Mackinac,260,0970
Michigan,Macomb,260,0990
Alabama,Macon,010,0870
Georgia,Macon,130,1930
Illinois,Macon,170,1150
Missouri,Macon,290,1210
North Carolina,Macon,370,1130
Tennessee,Macon,470,1110
Illinois,Macoupin,170,1170
California,Madera,060,0390
Alabama,Madison,010,0890
Arkansas,Madison,050,0870
Florida,Madison,120,0790
Georgia,Madison,130,1950
Idaho,Madison,160,0650
Illinois,Madison,170,1190
Indiana,Madison,180,0950
Iowa,Madison,190,1210
Kentucky,Madison,210,1510
Louisiana,Madison,220,0650
Mississippi,Madison,280,0890
Missouri,Madison,290,1230
Montana,Madison,300,0570
Nebraska,Madison,310,1190
New York,Madison,360,0530
North Carolina,Madison,370,1150
Ohio,Madison,390,0970
Tennessee,Madison,470,1130
Texas,Madison,480,3130
Virginia,Madison,510,1130
Kentucky,Magoffin,210,1530
Iowa,Mahaska,190,1230
Minnesota,Mahnomen,270,0870
Ohio,Mahoning,390,0990
Oklahoma,Major,400,0930
Oregon,Malheur,410,0450
Florida,Manatee,120,0810
Michigan,Manistee,260,1010
Wisconsin,Manitowoc,550,0710
Wisconsin,Marathon,550,0730
Alabama,Marengo,010,0910
Arizona,Maricopa,040,0130
Missouri,Maries,290,1250
California,Marin,060,0410
Wisconsin,Marinette,550,0750
Alabama,Marion,010,0930
Arkansas,Marion,050,0890
Florida,Marion,120,0830
Georgia,Marion,130,1970
Illinois,Marion,170,1210
Indiana,Marion,180,0970
Iowa,Marion,190,1250
Kansas,Marion,200,1150
Kentucky,Marion,210,1550
Mississippi,Marion,280,0910
Missouri,Marion,290,1270
Ohio,Marion,390,1010
Oregon,Marion,410,0470
South Carolina,Marion,450,0670
Tennessee,Marion,470,1150
Texas,Marion,480,3150
West Virginia,Marion,540,0490
California,Mariposa,060,0430
South Carolina,Marlboro,450,0690
Michigan,Marquette,260,1030
Wisconsin,Marquette,550,0770
Alabama,Marshall,010,0950
Illinois,Marshall,170,1230
Indiana,Marshall,180,0990
Iowa,Marshall,190,1270
Kansas,Marshall,200,1170
Kentucky,Marshall,210,1570
Minnesota,Marshall,270,0890
Mississippi,Marshall,280,0930
Oklahoma,Marshall,400,0950
South Dakota,Marshall,460,0910
Tennessee,Marshall,470,1170
West Virginia,Marshall,540,0510
Florida,Martin,120,0850
Indiana,Martin,180,1010
Kentucky,Martin,210,1590
Minnesota,Martin,270,0910
North Carolina,Martin,370,1170
Texas,Martin,480,3170
Virginia,Martinsville City,510,6900
Illinois,Mason,170,1250
Kentucky,Mason,210,1610
Michigan,Mason,260,1050
Texas,Mason,480,3190
Washington,Mason,530,0450
West Virginia,Mason,540,0530
Illinois,Massac,170,1270
Texas,Matagorda,480,3210
Virginia,Matthews,510,1150
Hawaii,Maui,155,0095
Tennessee,Maury,470,1190
Texas,Maverick,480,3230
Oklahoma,Mayes,400,0970
Oklahoma,Mcclain,400,0870
Montana,McCone,300,0550
South Dakota,Mccook,460,0870
South Carolina,Mccormick,450,0650
Kentucky,Mccracken,210,1450
Kentucky,Mccreary,210,1470
Texas,Mcculloch,480,3070
Oklahoma,Mccurtain,400,0890
Missouri,Mcdonald,290,1190
Illinois,Mcdonough,170,1090
North Carolina,Mcdowell,370,1110
West Virginia,McDowell,540,0470
Georgia,Mcduffie,130,1890
Illinois,Mchenry,170,1110
North Dakota,Mchenry,380,0490
Georgia,Mcintosh,130,1910
North Dakota,Mcintosh,380,0510
Oklahoma,Mcintosh,400,0910
Pennsylvania,Mckean,420,0830
North Dakota,Mckenzie,380,0530
New Mexico,Mckinley,350,0310
Illinois,Mclean,170,1130
Kentucky,Mclean,210,1490
North Dakota,Mclean,380,0550
Texas,Mclennan,480,3090
Minnesota,Mcleod,270,0850
Tennessee,McMinn,470,1070
Texas,Mcmullen,480,3110
Tennessee,McNairy,470,1090
Kansas,Mcpherson,200,1130
Nebraska,Mcpherson,310,1170
South Dakota,Mcpherson,460,0890
Kansas,Meade,200,1190
Kentucky,Meade,210,1630
South Dakota,Meade,460,0930
Montana,Meagher,300,0590
North Carolina,Mecklenburg,370,1190
Virginia,Mecklenburg,510,1170
Michigan,Mecosta,260,1070
Ohio,Medina,390,1030
Texas,Medina,480,3250
Minnesota,Meeker,270,0930
Ohio,Meigs,390,1050
Tennessee,Meigs,470,1210
South Dakota,Mellette,460,0950
Illinois,Menard,170,1290
Texas,Menard,480,3270
California,Mendocino,060,0450
Kentucky,Menifee,210,1650
Michigan,Menominee,260,1090
California,Merced,060,0470
Illinois,Mercer,170,1310
Kentucky,Mercer,210,1670
Missouri,Mercer,290,1290
New Jersey,Mercer,340,0210
North Dakota,Mercer,380,0570
Ohio,Mercer,390,1070
Pennsylvania,Mercer,420,0850
West Virginia,Mercer,540,0550
Georgia,Meriwether,130,1990
Nebraska,Merrick,310,1210
New Hampshire,Merrimack,330,0130
Colorado,Mesa,080,0770
Kentucky,Metcalfe,210,1690
Indiana,Miami,180,1030
Kansas,Miami,200,1210
Ohio,Miami,390,1090
Connecticut,Middlesex,090,0070
Massachusetts,Middlesex,250,0170
New Jersey,Middlesex,340,0230
Virginia,Middlesex,510,1190
Michigan,Midland,260,1110
Texas,Midland,480,3290
Pennsylvania,Mifflin,420,0870
Texas,Milam,480,3310
Utah,Millard,490,0270
Minnesota,Mille Lacs,270,0950
Arkansas,Miller,050,0910
Georgia,Miller,130,2010
Missouri,Miller,290,1310
Iowa,Mills,190,1290
Texas,Mills,480,3330
Wisconsin,Milwaukee,550,0790
South Dakota,Miner,460,0970
Colorado,Mineral,080,0790
Montana,Mineral,300,0610
Nevada,Mineral,320,0210
West Virginia,Mineral,540,0570
West Virginia,Mingo,540,0590
Idaho,Minidoka,160,0670
South Dakota,Minnehaha,460,0990
Michigan,Missaukee,260,1130
Arkansas,Mississippi,050,0930
Missouri,Mississippi,290,1330
Montana,Missoula,300,0630
Georgia,Mitchell,130,2050
Iowa,Mitchell,190,1310
Kansas,Mitchell,200,1230
North Carolina,Mitchell,370,1210
Texas,Mitchell,480,3350
Alabama,Mobile,010,0970
California,Modoc,060,0490
Colorado,Moffat,080,0810
Arizona,Mohave,040,0150
Missouri,Moniteau,290,1350
New Jersey,Monmouth,340,0250
California,Mono,060,0510
Iowa,Monona,190,1330
West Virginia,Monongalia,540,0610
Alabama,Monroe,010,0990
Arkansas,Monroe,050,0950
Florida,Monroe,120,0870
Georgia,Monroe,130,2070
Illinois,Monroe,170,1330
Indiana,Monroe,180,1050
Iowa,Monroe,190,1350
Kentucky,Monroe,210,1710
Michigan,Monroe,260,1150
Mississippi,Monroe,280,0950
Missouri,Monroe,290,1370
New York,Monroe,360,0550
Ohio,Monroe,390,1110
Pennsylvania,Monroe,420,0890
Tennessee,Monroe,470,1230
West Virginia,Monroe,540,0630
Wisconsin,Monroe,550,0810
Texas,Montague,480,3370
Michigan,Montcalm,260,1170
California,Monterey,060,0530
Colorado,Montezuma,080,0830
Alabama,Montgomery,010,1010
Arkansas,Montgomery,050,0970
Georgia,Montgomery,130,2090
Illinois,Montgomery,170,1350
Indiana,Montgomery,180,1070
Iowa,Montgomery,190,1370
Kansas,Montgomery,200,1250
Kentucky,Montgomery,210,1730
Maryland,Montgomery,240,0310
Mississippi,Montgomery,280,0970
Missouri,Montgomery,290,1390
New York,Montgomery,360,0570
North Carolina,Montgomery,370,1230
Ohio,Montgomery,390,1130
Pennsylvania,Montgomery,420,0910
Tennessee,Montgomery,470,1250
Texas,Montgomery,480,3390
Virginia,Montgomery,510,1210
Michigan,Montmorency,260,1190
Pennsylvania,Montour,420,0930
Colorado,Montrose,080,0850
South Dakota,Moody,460,1010
North Carolina,Moore,370,1250
Tennessee,Moore,470,1270
Texas,Moore,480,3410
New Mexico,Mora,350,0330
Louisiana,Morehouse,220,0670
Alabama,Morgan,010,1030
Colorado,Morgan,080,0870
Georgia,Morgan,130,2110
Illinois,Morgan,170,1370
Indiana,Morgan,180,1090
Kentucky,Morgan,210,1750
Missouri,Morgan,290,1410
Ohio,Morgan,390,1150
Tennessee,Morgan,470,1290
Utah,Morgan,490,0290
West Virginia,Morgan,540,0650
Nebraska,Morrill,310,1230
Kansas,Morris,200,1270
New Jersey,Morris,340,0270
Texas,Morris,480,3430
Minnesota,Morrison,270,0970
Ohio,Morrow,390,1170
Oregon,Morrow,410,0490
Kansas,Morton,200,1290
North Dakota,Morton,380,0590
Texas,Motley,480,3450
Illinois,Moultrie,170,1390
North Dakota,Mountrail,380,0610
Minnesota,Mower,270,0990
Kentucky,Muhlenberg,210,1770
Oregon,Multnomah,410,0510
Georgia,Murray,130,2130
Minnesota,Murray,270,1010
Oklahoma,Murray,400,0990
Iowa,Muscatine,190,1390
Georgia,Muscogee,130,2150
Michigan,Muskegon,260,1210
Ohio,Muskingum,390,1190
Oklahoma,Muskogee,400,1010
Montana,Musselshell,300,0650
Texas,Nacogdoches,480,3470
Nebraska,Nance,310,1250
Virginia,Nansemond,510,1230
Massachusetts,Nantucket,250,0190
California,Napa,060,0550
North Carolina,Nash,370,1270
Florida,Nassau,120,0890
New York,Nassau,360,0590
Louisiana,Natchitoches,220,0690
Wyoming,Natrona,560,0250
Arizona,Navajo,040,0170
Texas,Navarro,480,3490
Kentucky,Nelson,210,1790
North Dakota,Nelson,380,0630
Virginia,Nelson,510,1250
Kansas,Nemaha,200,1310
Nebraska,Nemaha,310,1270
Kansas,Neosho,200,1330
Mississippi,Neshoba,280,0990
Kansas,Ness,200,1350
Arkansas,Nevada,050,0990
California,Nevada,060,0570
Delaware,New Castle,100,0030
North Carolina,New Hanover,370,1290
Connecticut,New Haven,090,0090
Virginia,New Kent,510,1270
Connecticut,New London,090,0110
Missouri,New Madrid,290,1430
New York,New York,360,0610
Michigan,Newaygo,260,1230
South Carolina,Newberry,450,0710
Rhode Island,Newport,440,0050
Virginia,Newport News City,510,7000
Arkansas,Newton,050,1010
Georgia,Newton,130,2170
Indiana,Newton,180,1110
Mississippi,Newton,280,1010
Missouri,Newton,290,1450
Texas,Newton,480,3510
Idaho,Nez Perce,160,0690
New York,Niagara,360,0630
Kentucky,Nicholas,210,1810
West Virginia,Nicholas,540,0670
Minnesota,Nicollet,270,1030
Wyoming,Niobrara,560,0270
Indiana,Noble,180,1130
Ohio,Noble,390,1210
Oklahoma,Noble,400,1030
Minnesota,Nobles,270,1050
Missouri,Nodaway,290,1470
Texas,Nolan,480,3530
Massachusetts,Norfolk,250,0210
Virginia,Norfolk,510,1290
Virginia,Norfolk City,510,7100
Minnesota,Norman,270,1070
North Carolina,Northampton,370,1310
Pennsylvania,Northampton,420,0950
Virginia,Northampton,510,1310
Pennsylvania,Northumberland,420,0970
Virginia,Northumberland,510,1330
Kansas,Norton,200,1370
Virginia,Nottoway,510,1350
Oklahoma,Nowata,400,1050
Mississippi,Noxubee,280,1030
Nebraska,Nuckolls,310,1290
Texas,Nueces,480,3550
Nevada,Nye,320,0230
Iowa,O Brien,190,1410
Michigan,Oakland,260,1250
Tennessee,Obion,470,1310
New Jersey,Ocean,340,0290
Michigan,Oceana,260,1270
Texas,Ochiltree,480,3570
Georgia,Oconee,130,2190
South Carolina,Oconee,450,0730
Wisconsin,Oconto,550,0830
Michigan,Ogemaw,260,1290
Illinois,Ogle,170,1410
Georgia,Oglethorpe,130,2210
Indiana,Ohio,180,1150
Kentucky,Ohio,210,1830
West Virginia,Ohio,540,0690
Florida,Okaloosa,120,0910
Washington,Okanogan,530,0470
Florida,Okeechobee,120,0930
Oklahoma,Okfuskee,400,1070
Oklahoma,Oklahoma,400,1090
Oklahoma,Okmulgee,400,1110
Mississippi,Oktibbeha,280,1050
Kentucky,Oldham,210,1850
Texas,Oldham,480,3590
North Dakota,Oliver,380,0650
Minnesota,Olmsted,270,1090
Idaho,Oneida,160,0710
New York,Oneida,360,0650
Wisconsin,Oneida,550,0850
New York,Onondaga,360,0670
North Carolina,Onslow,370,1330
New York,Ontario,360,0690
Michigan,Ontonagon,260,1310
California,Orange,060,0590
Florida,Orange,120,0950
Indiana,Orange,180,1170
New York,Orange,360,0710
North Carolina,Orange,370,1350
Texas,Orange,480,3610
Vermont,Orange,500,0170
Virginia,Orange,510,1370
South Carolina,Orangeburg,450,0750
Missouri,Oregon,290,1490
Louisiana,Orleans,220,0710
New York,Orleans,360,0730
Vermont,Orleans,500,0190
Nevada,Ormsby,320,0250
Kansas,Osage,200,1390
Missouri,Osage,290,1510
Oklahoma,Osage,400,1130
Kansas,Osborne,200,1410
Florida,Osceola,120,0970
Iowa,Osceola,190,1430
Michigan,Osceola,260,1330
Michigan,Oscoda,260,1350
New York,Oswego,360,0750
Colorado,Otero,080,0890
New Mexico,Otero,350,0350
Nebraska,Otoe,310,1310
Michigan,Otsego,260,1370
New York,Otsego,360,0770
Kansas,Ottawa,200,1430
Michigan,Ottawa,260,1390
Ohio,Ottawa,390,1230
Oklahoma,Ottawa,400,1150
Minnesota,Otter Tail,270,1110
Arkansas,Ouachita,050,1030
Louisiana,Ouachita,220,0730
Colorado,Ouray,080,0910
Wisconsin,Outagamie,550,0870
Tennessee,Overton,470,1330
Indiana,Owen,180,1190
Kentucky,Owen,210,1870
Kentucky,Owsley,210,1890
Idaho,Owyhee,160,0730
Maine,Oxford,230,0170
Missouri,Ozark,290,1530
Wisconsin,Ozaukee,550,0890
Washington,Pacific,530,0490
Iowa,Page,190,1450
Virginia,Page,510,1390
Florida,Palm Beach,120,0990
Iowa,Palo Alto,190,1470
Texas,Palo Pinto,480,3630
North Carolina,Pamlico,370,1370
Mississippi,Panola,280,1070
Texas,Panola,480,3650
Colorado,Park,080,0930
Montana,Park,300,0670
Wyoming,Park,560,0290
Indiana,Parke,180,1210
Texas,Parker,480,3670
Texas,Parmer,480,3690
Florida,Pasco,120,1010
North Carolina,Pasquotank,370,1390
New Jersey,Passaic,340,0310
Virginia,Patrick,510,1410
Georgia,Paulding,130,2230
Ohio,Paulding,390,1250
Kansas,Pawnee,200,1450
Nebraska,Pawnee,310,1330
Oklahoma,Pawnee,400,1170
Idaho,Payette,160,0750
Oklahoma,Payne,400,1190
Georgia,Peach,130,2250
Mississippi,Pearl River,280,1090
Texas,Pecos,480,3710
North Dakota,Pembina,380,0670
Missouri,Pemiscot,290,1550
Washington,Pend Oreille,530,0510
West Virginia,Pendelton,540,0710
North Carolina,Pender,370,1410
Kentucky,Pendleton,210,1910
Minnesota,Pennington,270,1130
South Dakota,Pennington,460,1030
Maine,Penobscot,230,0190
Illinois,Peoria,170,1430
Wisconsin,Pepin,550,0910
Nebraska,Perkins,310,1350
South Dakota,Perkins,460,1050
North Carolina,Perquimans,370,1430
Alabama,Perry,010,1050
Arkansas,Perry,050,1050
Illinois,Perry,170,1450
Indiana,Perry,180,1230
Kentucky,Perry,210,1930
Mississippi,Perry,280,1110
Missouri,Perry,290,1570
Ohio,Perry,390,1270
Pennsylvania,Perry,420,0990
Tennessee,Perry,470,1350
Nevada,Pershing,320,0270
North Carolina,Person,370,1450
Virginia,Petersburg City,510,7300
Montana,Petroleum,300,0690
Missouri,Pettis,290,1590
Missouri,Phelps,290,1610
Nebraska,Phelps,310,1370
Pennsylvania,Philadelphia,420,1010
Arkansas,Phillips,050,1070
Colorado,Phillips,080,0950
Kansas,Phillips,200,1470
Montana,Phillips,300,0710
Illinois,Piatt,170,1470
Ohio,Pickaway,390,1290
Alabama,Pickens,010,1070
Georgia,Pickens,130,2270
South Carolina,Pickens,450,0770
Tennessee,Pickett,470,1370
Georgia,Pierce,130,2290
Nebraska,Pierce,310,1390
North Dakota,Pierce,380,0690
Washington,Pierce,530,0530
Wisconsin,Pierce,550,0930
Alabama,Pike,010,1090
Arkansas,Pike,050,1090
Georgia,Pike,130,2310
Illinois,Pike,170,1490
Indiana,Pike,180,1250
Kentucky,Pike,210,1950
Mississippi,Pike,280,1130
Missouri,Pike,290,1630
Ohio,Pike,390,1310
Pennsylvania,Pike,420,1030
Arizona,Pima,040,0190
Arizona,Pinal,040,0210
Minnesota,Pine,270,1150
Florida,Pinellas,120,1030
Minnesota,Pipestone,270,1170
Maine,Piscataquis,230,0210
Colorado,Pitkin,080,0970
North Carolina,Pitt,370,1470
Oklahoma,Pittsburg,400,1210
Virginia,Pittsylvania,510,1430
Utah,Piute,490,0310
California,Placer,060,0610
Louisiana,Plaquemines,220,0750
Missouri,Platte,290,1650
Nebraska,Platte,310,1410
Wyoming,Platte,560,0310
West Virginia,Pleasants,540,0730
California,Plumas,060,0630
Iowa,Plymouth,190,1490
Massachusetts,Plymouth,250,0230
Iowa,Pocahontas,190,1510
West Virginia,Pocahontas,540,0750
Arkansas,Poinsett,050,1110
Louisiana,Pointe Coupee,220,0770
Arkansas,Polk,050,1130
Florida,Polk,120,1050
Georgia,Polk,130,2330
Iowa,Polk,190,1530
Minnesota,Polk,270,1190
Missouri,Polk,290,1670
Nebraska,Polk,310,1430
North Carolina,Polk,370,1490
Oregon,Polk,410,0530
Tennessee,Polk,470,1390
Texas,Polk,480,3730
Wisconsin,Polk,550,0950
Montana,Pondera,300,0730
Mississippi,Pontotoc,280,1150
Oklahoma,Pontotoc,400,1230
Arkansas,Pope,050,1150
Illinois,Pope,170,1510
Minnesota,Pope,270,1210
Ohio,Portage,390,1330
Wisconsin,Portage,550,0970
Indiana,Porter,180,1270
Virginia,Portsmouth City,510,7400
Indiana,Posey,180,1290
Kansas,Pottawatomie,200,1490
Iowa,Pottawattamie,190,1550
Pennsylvania,Potter,420,1050
South Dakota,Potter,460,1070
Texas,Potter,480,3750
Oklahoma,Pottowatomie,400,1250
Montana,Powder River,300,0750
Kentucky,Powell,210,1970
Montana,Powell,300,0770
Idaho,Power,160,0770
Iowa,Poweshiek,190,1570
Virginia,Powhatan,510,1450
Arkansas,Prairie,050,1170
Montana,Prairie,300,0790
Kansas,Pratt,200,1510
Ohio,Preble,390,1350
Mississippi,Prentiss,280,1170
Texas,Presidio,480,3770
Michigan,Presque Isle,260,1410
West Virginia,Preston,540,0770
Wisconsin,Price,550,0990
Virginia,Prince Edward,510,1470
Virginia,Prince George,510,1490
Maryland,Prince Georges,240,0330
Virginia,Prince William,510,1530
Virginia,Princess Anne,510,1510
Rhode Island,Providence,440,0070
Colorado,Prowers,080,0990
Colorado,Pueblo,080,1010
Arkansas,Pulaski,050,1190
Georgia,Pulaski,130,2350
Illinois,Pulaski,170,1530
Indiana,Pulaski,180,1310
Kentucky,Pulaski,210,1990
Missouri,Pulaski,290,1690
Virginia,Pulaski,510,1550
Oklahoma,Pushmataha,400,1270
Florida,Putnam,120,1070
Georgia,Putnam,130,2370
Illinois,Putnam,170,1550
Indiana,Putnam,180,1330
Missouri,Putnam,290,1710
New York,Putnam,360,0790
Ohio,Putnam,390,1370
Tennessee,Putnam,470,1410
West Virginia,Putnam,540,0790
New Mexico,Quay,350,0370
Maryland,Queen Annes,240,0350
New York,Queens,360,0810
Georgia,Quitman,130,2390
Mississippi,Quitman,280,1190
Georgia,Rabun,130,2410
Wisconsin,Racine,550,1010
Virginia,Radford City,510,7500
Texas,Rains,480,3790
West Virginia,Raleigh,540,0810
Missouri,Ralls,290,1730
Minnesota,Ramsey,270,1230
North Dakota,Ramsey,380,0710
Texas,Randall,480,3810
Alabama,Randolph,010,1110
Arkansas,Randolph,050,1210
Georgia,Randolph,130,2430
Illinois,Randolph,170,1570
Indiana,Randolph,180,1350
Missouri,Randolph,290,1750
North Carolina,Randolph,370,1510
West Virginia,Randolph,540,0830
Mississippi,Rankin,280,1210
North Dakota,Ransom,380,0730
Louisiana,Rapides,220,0790
Virginia,Rappahannock,510,1570
Montana,Ravalli,300,0810
Kansas,Rawlins,200,1530
Missouri,Ray,290,1770
Texas,Reagan,480,3830
Texas,Real,480,3850
Minnesota,Red Lake,270,1250
Louisiana,Red River,220,0810
Texas,Red River,480,3870
Nebraska,Red Willow,310,1450
Minnesota,Redwood,270,1270
Texas,Reeves,480,3890
Texas,Refugio,480,3910
Kansas,Reno,200,1550
New York,Rensselaer,360,0830
Minnesota,Renville,270,1290
North Dakota,Renville,380,0750
Kansas,Republic,200,1570
Missouri,Reynolds,290,1790
Tennessee,Rhea,470,1430
Kansas,Rice,200,1590
Minnesota,Rice,270,1310
Utah,Rich,490,0330
Nebraska,Richardson,310,1470
Illinois,Richland,170,1590
Louisiana,Richland,220,0830
Montana,Richland,300,0830
North Dakota,Richland,380,0770
Ohio,Richland,390,1390
South Carolina,Richland,450,0790
Wisconsin,Richland,550,1030
Georgia,Richmond,130,2450
New York,Richmond,360,0850
North Carolina,Richmond,370,1530
Virginia,Richmond,510,1590
Virginia,Richmond City,510,7600
Kansas,Riley,200,1610
Iowa,Ringgold,190,1590
New Mexico,Rio Arriba,350,0390
Colorado,Rio Blanco,080,1030
Colorado,Rio Grande,080,1050
Indiana,Ripley,180,1370
Missouri,Ripley,290,1810
West Virginia,Ritchie,540,0850
California,Riverside,060,0650
Tennessee,Roane,470,1450
West Virginia,Roane,540,0870
Virginia,Roanoke,510,1610
Virginia,Roanoke City,510,7700
South Dakota,Roberts,460,1090
Texas,Roberts,480,3930
Kentucky,Robertson,210,2010
Tennessee,Robertson,470,1470
Texas,Robertson,480,3950
North Carolina,Robeson,370,1550
Minnesota,Rock,270,1330
Nebraska,Rock,310,1490
Wisconsin,Rock,550,1050
Illinois,Rock Island,170,1610
Virginia,Rockbridge,510,1630
Kentucky,Rockcastle,210,2030
Georgia,Rockdale,130,2470
New Hampshire,Rockingham,330,0150
North Carolina,Rockingham,370,1570
Virginia,Rockingham,510,1650
New York,Rockland,360,0870
Texas,Rockwall,480,3970
Oklahoma,Roger Mills,400,1290
Oklahoma,Rogers,400,1310
North Dakota,Rolette,380,0790
Kansas,Rooks,200,1630
Montana,Roosevelt,300,0850
New Mexico,Roosevelt,350,0410
Michigan,Roscommon,260,1430
Minnesota,Roseau,270,1350
Montana,Rosebud,300,0870
Ohio,Ross,390,1410
Colorado,Routt,080,1070
Kentucky,Rowan,210,2050
North Carolina,Rowan,370,1590
Texas,Runnels,480,3990
Indiana,Rush,180,1390
Kansas,Rush,200,1650
Texas,Rusk,480,4010
Wisconsin,Rusk,550,1070
Alabama,Russell,010,1130
Kansas,Russell,200,1670
Kentucky,Russell,210,2070
Virginia,Russell,510,1670
North Carolina,Rutherford,370,1610
Tennessee,Rutherford,470,1490
Vermont,Rutland,500,0210
Louisiana,Sabine,220,0850
Texas,Sabine,480,4030
Iowa,Sac,190,1610
California,Sacramento,060,0670
Maine,Sagadahoc,230,0230
Michigan,Saginaw,260,1450
Colorado,Saguache,080,1090
New Jersey,Salem,340,0330
Arkansas,Saline,050,1250
Illinois,Saline,170,1650
Kansas,Saline,200,1690
Missouri,Saline,290,1950
Nebraska,Saline,310,1510
Utah,Salt Lake,490,0350
South Carolina,Saluda,450,0810
North Carolina,Sampson,370,1630
Texas,San Augustine,480,4050
California,San Benito,060,0690
California,San Bernardino,060,0710
California,San Diego,060,0730
California,San Francisco,060,0750
Texas,San Jacinto,480,4070
California,San Joaquin,060,0770
Colorado,San Juan,080,1110
New Mexico,San Juan,350,0450
Utah,San Juan,490,0370
Washington,San Juan,530,0550
California,San Luis Obispo,060,0790
California,San Mateo,060,0810
Colorado,San Miguel,080,1130
New Mexico,San Miguel,350,0470
Texas,San Patricio,480,4090
Texas,San Saba,480,4110
South Dakota,Sanborn,460,1110
Montana,Sanders,300,0890
New Mexico,Sandoval,350,0430
Ohio,Sandusky,390,1430
Illinois,Sangamon,170,1670
Michigan,Sanilac,260,1510
Utah,Sanpete,490,0390
California,Santa Barbara,060,0830
California,Santa Clara,060,0850
Arizona,Santa Cruz,040,0230
California,Santa Cruz,060,0870
New Mexico,Santa Fe,350,0490
Florida,Santa Rosa,120,1130
Florida,Sarasota,120,1150
New York,Saratoga,360,0910
North Dakota,Sargent,380,0810
Nebraska,Sarpy,310,1530
Wisconsin,Sauk,550,1110
Nebraska,Saunders,310,1550
Wisconsin,Sawyer,550,1130
New York,Schenectady,360,0930
Texas,Schleicher,480,4130
Georgia,Schley,130,2490
New York,Schoharie,360,0950
Michigan,Schoolcraft,260,1530
Illinois,Schuyler,170,1690
Missouri,Schuyler,290,1970
New York,Schuyler,360,0970
Pennsylvania,Schuylkill,420,1070
Ohio,Scioto,390,1450
Missouri,Scotland,290,1990
North Carolina,Scotland,370,1650
Arkansas,Scott,050,1270
Illinois,Scott,170,1710
Indiana,Scott,180,1430
Iowa,Scott,190,1630
Kansas,Scott,200,1710
Kentucky,Scott,210,2090
Minnesota,Scott,270,1390
Mississippi,Scott,280,1230
Missouri,Scott,290,2010
Tennessee,Scott,470,1510
Virginia,Scott,510,1690
Nebraska,Scotts Bluff,310,1570
Georgia,Screven,130,2510
Texas,Scurry,480,4150
Arkansas,Searcy,050,1290
Arkansas,Sebastian,050,1310
Alaska,Second Judicicial Dist - No Data,025,0075
Colorado,Sedgwick,080,1150
Kansas,Sedgwick,200,1730
Florida,Seminole,120,1170
Georgia,Seminole,130,2530
Oklahoma,Seminole,400,1330
New York,Seneca,360,0990
Ohio,Seneca,390,1470
Tennessee,Sequatchie,470,1530
Oklahoma,Sequoyah,400,1350
Arkansas,Sevier,050,1330
Tennessee,Sevier,470,1550
Utah,Sevier,490,0410
Kansas,Seward,200,1750
Nebraska,Seward,310,1590
Texas,Shackelford,480,4170
Missouri,Shannon,290,2030
South Dakota,Shannon,460,1130
Mississippi,Sharkey,280,1250
Arkansas,Sharp,050,1350
California,Shasta,060,0890
Wisconsin,Shawano,550,1150
Kansas,Shawnee,200,1770
Wisconsin,Sheboygan,550,1170
Alabama,Shelby,010,1170
Illinois,Shelby,170,1730
Indiana,Shelby,180,1450
Iowa,Shelby,190,1650
Kentucky,Shelby,210,2110
Missouri,Shelby,290,2050
Ohio,Shelby,390,1490
Tennessee,Shelby,470,1570
Texas,Shelby,480,4190
Virginia,Shenandoah,510,1710
Minnesota,Sherburne,270,1410
Kansas,Sheridan,200,1790
Montana,Sheridan,300,0910
Nebraska,Sheridan,310,1610
North Dakota,Sheridan,380,0830
Wyoming,Sheridan,560,0330
Kansas,Sherman,200,1810
Nebraska,Sherman,310,1630
Oregon,Sherman,410,0550
Texas,Sherman,480,4210
Michigan,Shiawassee,260,1550
Idaho,Shoshone,160,0790
Minnesota,Sibley,270,1430
California,Sierra,060,0910
New Mexico,Sierra,350,0510
Montana,Silver Bow,300,0930
Kentucky,Simpson,210,2130
Mississippi,Simpson,280,1270
Iowa,Sioux,190,1670
Nebraska,Sioux,310,1650
North Dakota,Sioux,380,0850
California,Siskiyou,060,0930
Washington,Skagit,530,0570
Washington,Skamania,530,0590
North Dakota,Slope,380,0870
Kansas,Smith,200,1830
Mississippi,Smith,280,1290
Tennessee,Smith,470,1590
Texas,Smith,480,4230
Virginia,Smyth,510,1730
Washington,Snohomish,530,0610
Pennsylvania,Snyder,420,1090
New Mexico,Socorro,350,0530
California,Solano,060,0950
Maine,Somerset,230,0250
Maryland,Somerset,240,0390
New Jersey,Somerset,340,0350
Pennsylvania,Somerset,420,1110
Texas,Somervell,480,4250
California,Sonoma,060,0970
Virginia,South Norfolk City,510,7805
Virginia,Southampton,510,1750
Georgia,Spalding,130,2550
South Carolina,Spartanburg,450,0830
Indiana,Spencer,180,1470
Kentucky,Spencer,210,2150
South Dakota,Spink,460,1150
Washington,Spokane,530,0630
Virginia,Spotsylvania,510,1770
Louisiana,St Bernard,220,0870
Louisiana,St Charles,220,0890
Missouri,St Charles,290,1830
Alabama,St Clair,010,1150
Illinois,St Clair,170,1630
Michigan,St Clair,260,1470
Missouri,St Clair,290,1850
Wisconsin,St Croix,550,1090
Arkansas,St Francis,050,1230
Missouri,St Francois,290,1870
Louisiana,St Helena,220,0910
Louisiana,St James,220,0930
Louisiana,St John The Baptist,220,0950
Florida,St Johns,120,1090
Indiana,St Joseph,180,1410
Michigan,St Joseph,260,1490
Louisiana,St Landry,220,0970
Missouri,St Louis,290,1890
Missouri,St Louis City,290,5100
Florida,St Lucie,120,1110
Louisiana,St Martin,220,0990
Louisiana,St Mary,220,1010
Maryland,St Marys,240,0370
Louisiana,St Tammany,220,1030
New York,St. Lawrence,360,0890
Minnesota,St. Louis,270,1370
Kansas,Stafford,200,1850
Virginia,Stafford,510,1790
California,Stanislaus,060,0990
South Dakota,Stanley,460,1170
North Carolina,Stanly,370,1670
Kansas,Stanton,200,1870
Nebraska,Stanton,310,1670
Illinois,Stark,170,1750
North Dakota,Stark,380,0890
Ohio,Stark,390,1510
Indiana,Starke,180,1490
Texas,Starr,480,4270
Virginia,Staunton City,510,7900
Missouri,Ste Genevieve,290,1860
Minnesota,Stearns,270,1450
Minnesota,Steele,270,1470
North Dakota,Steele,380,0910
Georgia,Stephens,130,2570
Oklahoma,Stephens,400,1370
Texas,Stephens,480,4290
Illinois,Stephenson,170,1770
Texas,Sterling,480,4310
Indiana,Steuben,180,1510
New York,Steuben,360,1010
Kansas,Stevens,200,1890
Minnesota,Stevens,270,1490
Washington,Stevens,530,0650
Georgia,Stewart,130,2590
Tennessee,Stewart,470,1610
Montana,Stillwater,300,0950
Missouri,Stoddard,290,2070
North Carolina,Stokes,370,1690
Arkansas,Stone,050,1370
Mississippi,Stone,280,1310
Missouri,Stone,290,2090
Texas,Stonewall,480,4330
Nevada,Storey,320,0290
Iowa,Story,190,1690
New Hampshire,Strafford,330,0170
North Dakota,Stutsman,380,0930
Wyoming,Sublette,560,0350
Massachusetts,Suffolk,250,0250
New York,Suffolk,360,1030
Virginia,Suffolk City,510,8000
Indiana,Sullivan,180,1530
Missouri,Sullivan,290,2110
New Hampshire,Sullivan,330,0190
New York,Sullivan,360,1050
Pennsylvania,Sullivan,420,1130
Tennessee,Sullivan,470,1630
South Dakota,Sully,460,1190
West Virginia,Summers,540,0890
Colorado,Summit,080,1170
Ohio,Summit,390,1530
Utah,Summit,490,0430
Kansas,Sumner,200,1910
Tennessee,Sumner,470,1650
Alabama,Sumter,010,1190
Florida,Sumter,120,1190
Georgia,Sumter,130,2610
South Carolina,Sumter,450,0850
Mississippi,Sunflower,280,1330
North Carolina,Surry,370,1710
Virginia,Surry,510,1810
Pennsylvania,Susquehanna,420,1150
Delaware,Sussex,100,0050
New Jersey,Sussex,340,0370
Virginia,Sussex,510,1830
California,Sutter,060,1010
Texas,Sutton,480,4350
Florida,Suwannee,120,1210
North Carolina,Swain,370,1730
Montana,Sweet Grass,300,0970
Wyoming,Sweetwater,560,0370
Minnesota,Swift,270,1510
Texas,Swisher,480,4370
Indiana,Switzerland,180,1550
Georgia,Talbot,130,2630
Maryland,Talbot,240,0410
Georgia,Taliaferro,130,2650
Alabama,Talladega,010,1210
Mississippi,Tallahatchie,280,1350
Alabama,Tallapoosa,010,1230
Iowa,Tama,190,1710
Missouri,Taney,290,2130
Louisiana,Tangipahoa,220,1050
New Mexico,Taos,350,0550
Texas,Tarrant,480,4390
Mississippi,Tate,280,1370
Georgia,Tattnall,130,2670
Florida,Taylor,120,1230
Georgia,Taylor,130,2690
Iowa,Taylor,190,1730
Kentucky,Taylor,210,2170
Texas,Taylor,480,4410
West Virginia,Taylor,540,0910
Wisconsin,Taylor,550,1190
Illinois,Tazewell,170,1790
Virginia,Tazewell,510,1850
California,Tehama,060,1030
Georgia,Telfair,130,2710
Colorado,Teller,080,1190
Louisiana,Tensas,220,1070
Louisiana,Terrebonne,220,1090
Georgia,Terrell,130,2730
Texas,Terrell,480,4430
Texas,Terry,480,4450
Idaho,Teton,160,0810
Montana,Teton,300,0990
Wyoming,Teton,560,0390
Missouri,Texas,290,2150
Oklahoma,Texas,400,1390
Nebraska,Thayer,310,1690
Alaska,Third Judicicial Dist - No Data,025,0115
Georgia,Thomas,130,2750
Kansas,Thomas,200,1930
Nebraska,Thomas,310,1710
Texas,Throckmorton,480,4470
Nebraska,Thurston,310,1730
Washington,Thurston,530,0670
Georgia,Tift,130,2770
Oregon,Tillamook,410,0570
Oklahoma,Tillman,400,1410
New York,Tioga,360,1070
Pennsylvania,Tioga,420,1170
Mississippi,Tippah,280,1390
Indiana,Tippecanoe,180,1570
Indiana,Tipton,180,1590
Tennessee,Tipton,470,1670
Mississippi,Tishomingo,280,1410
Texas,Titus,480,4490
Kentucky,Todd,210,2190
Minnesota,Todd,270,1530
South Dakota,Todd,460,1210
Connecticut,Tolland,090,0130
Texas,Tom Green,480,4510
New York,Tompkins,360,1090
Utah,Tooele,490,0450
Montana,Toole,300,1010
Georgia,Toombs,130,2790
New Mexico,Torrance,350,0570
North Dakota,Towner,380,0950
Georgia,Towns,130,2810
North Dakota,Traill,380,0970
North Carolina,Transylvania,370,1750
Minnesota,Traverse,270,1550
Texas,Travis,480,4530
Montana,Treasure,300,1030
Kansas,Trego,200,1950
Wisconsin,Trempealeau,550,1210
Georgia,Treutlen,130,2830
Kentucky,Trigg,210,2210
Kentucky,Trimble,210,2230
California,Trinity,060,1050
Texas,Trinity,480,4550
South Dakota,Tripp,460,1230
Georgia,Troup,130,2850
Tennessee,Trousdale,470,1690
Ohio,Trumbull,390,1550
West Virginia,Tucker,540,0930
California,Tulare,060,1070
Oklahoma,Tulsa,400,1430
Mississippi,Tunica,280,1430
California,Tuolumne,060,1090
Georgia,Turner,130,2870
South Dakota,Turner,460,1250
Alabama,Tuscaloosa,010,1250
Ohio,Tuscarawas,390,1570
Michigan,Tuscola,260,1570
Georgia,Twiggs,130,2890
Idaho,Twin Falls,160,0830
Texas,Tyler,480,4570
West Virginia,Tyler,540,0950
North Carolina,Tyrrell,370,1770
Wyoming,Uinta,560,0410
Utah,Uintah,490,0470
New York,Ulster,360,1110
Oregon,Umatilla,410,0590
Tennessee,Unicoi,470,1710
Arkansas,Union,050,1390
Florida,Union,120,1250
Georgia,Union,130,2910
Illinois,Union,170,1810
Indiana,Union,180,1610
Iowa,Union,190,1750
Kentucky,Union,210,2250
Louisiana,Union,220,1110
Mississippi,Union,280,1450
New Jersey,Union,340,0390
New Mexico,Union,350,0590
North Carolina,Union,370,1790
Ohio,Union,390,1590
Oregon,Union,410,0610
Pennsylvania,Union,420,1190
South Carolina,Union,450,0870
South Dakota,Union,460,1270
Tennessee,Union,470,1730
Texas,Upshur,480,4590
West Virginia,Upshur,540,0970
Georgia,Upson,130,2930
Texas,Upton,480,4610
Utah,Utah,490,0490
Texas,Uvalde,480,4630
Texas,Val Verde,480,4650
New Mexico,Valencia,350,0610
Idaho,Valley,160,0850
Montana,Valley,300,1050
Nebraska,Valley,310,1750
Arkansas,Van Buren,050,1410
Iowa,Van Buren,190,1770
Michigan,Van Buren,260,1590
Tennessee,Van Buren,470,1750
Ohio,Van Wert,390,1610
Texas,Van Zandt,480,4670
North Carolina,Vance,370,1810
Indiana,Vanderburgh,180,1630
Pennsylvania,Venango,420,1210
California,Ventura,060,1110
Illinois,Vermilion,170,1830
Indiana,Vermillion,180,1650
Louisiana,Vermillion,220,1130
Louisiana,Vernon,220,1150
Missouri,Vernon,290,2170
Wisconsin,Vernon,550,1230
Texas,Victoria,480,4690
Indiana,Vigo,180,1670
Wisconsin,Vilas,550,1250
Ohio,Vinton,390,1630
Florida,Volusia,120,1270
Illinois,Wabash,170,1850
Indiana,Wabash,180,1690
Minnesota,Wabasha,270,1570
Kansas,Wabaunsee,200,1970
Minnesota,Wadena,270,1590
Oklahoma,Wagoner,400,1450
Washington,Wahkiakum,530,0690
North Carolina,Wake,370,1830
Florida,Wakulla,120,1290
Maine,Waldo,230,0270
Alabama,Walker,010,1270
Georgia,Walker,130,2950
Texas,Walker,480,4710
Washington,Walla Walla,530,0710
Kansas,Wallace,200,1990
Texas,Waller,480,4730
Oregon,Wallowa,410,0630
North Dakota,Walsh,380,0990
Mississippi,Walthall,280,1470
Florida,Walton,120,1310
Georgia,Walton,130,2970
South Dakota,Walworth,460,1290
Wisconsin,Walworth,550,1270
Iowa,Wapello,190,1790
North Dakota,Ward,380,1010
Texas,Ward,480,4750
Georgia,Ware,130,2990
Georgia,Warren,130,3010
Illinois,Warren,170,1870
Indiana,Warren,180,1710
Iowa,Warren,190,1810
Kentucky,Warren,210,2270
Mississippi,Warren,280,1490
Missouri,Warren,290,2190
New Jersey,Warren,340,0410
New York,Warren,360,1130
North Carolina,Warren,370,1850
Ohio,Warren,390,1650
Pennsylvania,Warren,420,1230
Tennessee,Warren,470,1770
Virginia,Warren,510,1870
Indiana,Warrick,180,1730
Virginia,Warwick,510,1890
Utah,Wasatch,490,0510
Oregon,Wasco,410,0650
Minnesota,Waseca,270,1610
South Dakota,Washabaugh,460,1310
Wyoming,Washakie,560,0430
Wisconsin,Washburn,550,1290
Alabama,Washington,010,1290
Arkansas,Washington,050,1430
Colorado,Washington,080,1210
Florida,Washington,120,1330
Georgia,Washington,130,3030
Idaho,Washington,160,0870
Illinois,Washington,170,1890
Indiana,Washington,180,1750
Iowa,Washington,190,1830
Kansas,Washington,200,2010
Kentucky,Washington,210,2290
Louisiana,Washington,220,1170
Maine,Washington,230,0290
Maryland,Washington,240,0430
Minnesota,Washington,270,1630
Mississippi,Washington,280,1510
Missouri,Washington,290,2210
Nebraska,Washington,310,1770
New York,Washington,360,1150
North Carolina,Washington,370,1870
Ohio,Washington,390,1670
Oklahoma,Washington,400,1470
Oregon,Washington,410,0670
Pennsylvania,Washington,420,1250
Rhode Island,Washington,440,0090
Tennessee,Washington,470,1790
Texas,Washington,480,4770
Utah,Washington,490,0530
Vermont,Washington,500,0230
Virginia,Washington,510,1910
Wisconsin,Washington,550,1310
Oklahoma,Washita,400,1490
Nevada,Washoe,320,0310
Michigan,Washtenaw,260,1610
North Carolina,Watauga,370,1890
Minnesota,Watonwan,270,1650
Wisconsin,Waukesha,550,1330
Wisconsin,Waupaca,550,1350
Wisconsin,Waushara,550,1370
Georgia,Wayne,130,3050
Illinois,Wayne,170,1910
Indiana,Wayne,180,1770
Iowa,Wayne,190,1850
Kentucky,Wayne,210,2310
Michigan,Wayne,260,1630
Mississippi,Wayne,280,1530
Missouri,Wayne,290,2230
Nebraska,Wayne,310,1790
New York,Wayne,360,1170
North Carolina,Wayne,370,1910
Ohio,Wayne,390,1690
Pennsylvania,Wayne,420,1270
Tennessee,Wayne,470,1810
Utah,Wayne,490,0550
West Virginia,Wayne,540,0990
Virginia,Waynesboro City,510,8200
Tennessee,Weakley,470,1830
Texas,Webb,480,4790
Utah,Weber,490,0570
Georgia,Webster,130,3070
Iowa,Webster,190,1870
Kentucky,Webster,210,2330
Louisiana,Webster,220,1190
Mississippi,Webster,280,1550
Missouri,Webster,290,2250
Nebraska,Webster,310,1810
West Virginia,Webster,540,1010
Colorado,Weld,080,1230
Indiana,Wells,180,1790
North Dakota,Wells,380,1030
Louisiana,West Baton Rouge,220,1210
Louisiana,West Carroll,220,1230
Louisiana,West Feliciana,220,1250
New York,Westchester,360,1190
Pennsylvania,Westmoreland,420,1290
Virginia,Westmoreland,510,1930
Wyoming,Weston,560,0450
West Virginia,Wetzel,540,1030
Michigan,Wexford,260,1650
Texas,Wharton,480,4810
Washington,Whatcom,530,0730
Montana,Wheatland,300,1070
Georgia,Wheeler,130,3090
Nebraska,Wheeler,310,1830
Oregon,Wheeler,410,0690
Texas,Wheeler,480,4830
Arkansas,White,050,1450
Georgia,White,130,3110
Illinois,White,170,1930
Indiana,White,180,1810
Tennessee,White,470,1850
Nevada,White Pine,320,0330
Illinois,Whiteside,170,1950
Georgia,Whitfield,130,3130
Indiana,Whitley,180,1830
Kentucky,Whitley,210,2350
Washington,Whitman,530,0750
Montana,Wibaux,300,1090
Kansas,Wichita,200,2030
Texas,Wichita,480,4850
Maryland,Wicomico,240,0450
Texas,Wilbarger,480,4870
Alabama,Wilcox,010,1310
Georgia,Wilcox,130,3150
Georgia,Wilkes,130,3170
North Carolina,Wilkes,370,1930
Minnesota,Wilkin,270,1670
Georgia,Wilkinson,130,3190
Mississippi,Wilkinson,280,1570
Illinois,Will,170,1970
Texas,Willacy,480,4890
North Dakota,Williams,380,1050
Ohio,Williams,390,1710
South Carolina,Williamsburg,450,0890
Virginia,Williamsburg City,510,8300
Illinois,Williamson,170,1990
Tennessee,Williamson,470,1870
Texas,Williamson,480,4910
Kansas,Wilson,200,2050
North Carolina,Wilson,370,1950
Tennessee,Wilson,470,1890
Texas,Wilson,480,4930
Virginia,Winchester City,510,8400
Connecticut,Windham,090,0150
Vermont,Windham,500,0250
Vermont,Windsor,500,0270
Texas,Winkler,480,4950
Louisiana,Winn,220,1270
Illinois,Winnebago,170,2010
Iowa,Winnebago,190,1890
Wisconsin,Winnebago,550,1390
Iowa,Winneshiek,190,1910
Minnesota,Winona,270,1690
Alabama,Winston,010,1330
Mississippi,Winston,280,1590
West Virginia,Wirt,540,1050
Texas,Wise,480,4970
Virginia,Wise,510,1950
Kentucky,Wolfe,210,2370
Ohio,Wood,390,1730
Texas,Wood,480,4990
West Virginia,Wood,540,1070
Wisconsin,Wood,550,1410
Iowa,Woodbury,190,1930
Illinois,Woodford,170,2030
Kentucky,Woodford,210,2390
Arkansas,Woodruff,050,1470
Oklahoma,Woods,400,1510
Kansas,Woodson,200,2070
Oklahoma,Woodward,400,1530
Maryland,Worcester,240,0470
Massachusetts,Worcester,250,0270
Georgia,Worth,130,3210
Iowa,Worth,190,1950
Missouri,Worth,290,2270
Iowa,Wright,190,1970
Minnesota,Wright,270,1710
Missouri,Wright,290,2290
Ohio,Wyandot,390,1750
Kansas,Wyandotte,200,2090
New York,Wyoming,360,1210
Pennsylvania,Wyoming,420,1310
West Virginia,Wyoming,540,1090
Virginia,Wythe,510,1970
North Carolina,Yadkin,370,1970
Washington,Yakima,530,0770
Mississippi,Yalobusha,280,1610
Oregon,Yamhill,410,0710
North Carolina,Yancey,370,1990
South Dakota,Yankton,460,1350
New York,Yates,360,1230
Arizona,Yavapai,040,0250
Mississippi,Yazoo,280,1630
Arkansas,Yell,050,1490
Minnesota,Yellow Medicine,270,1730
Montana,Yellowstone,300,1110
Montana,Yellowstone National Park,300,1130
Idaho,Yellowstone National Park in Idaho,160,0875
Wyoming,Yellowstone National Park in Wyoming,560,0470
Texas,Yoakum,480,5010
California,Yolo,060,1130
Maine,York,230,0310
Nebraska,York,310,1850
Pennsylvania,York,420,1330
South Carolina,York,450,0910
Virginia,York,510,1990
Texas,Young,480,5030
California,Yuba,060,1150
Arizona,Yuma,040,0270
Colorado,Yuma,080,1250
Texas,Zapata,480,5050
Texas,Zavala,480,5070
South Dakota,Ziebach,460,1370
